dataset,frame,obj_idx,type,occluded,truncated,dist_m,dist_bin,bbox_w_px,n_obj_points,axis,level,in_box,px_shift_median
kitti_mini,000001,0,Truck,0,0.0,69.44,far,30.3,70,yaw,0.0,1.0,0.0
kitti_mini,000001,2,Cyclist,3,0.0,46.07,far,12.4,18,yaw,0.0,1.0,0.0
kitti_mini,000001,0,Truck,0,0.0,69.44,far,30.3,70,yaw,0.5,0.7571,6.3238
kitti_mini,000001,2,Cyclist,3,0.0,46.07,far,12.4,18,yaw,0.5,0.5556,6.3937
kitti_mini,000001,0,Truck,0,0.0,69.44,far,30.3,70,yaw,1.0,0.5429,12.6479
kitti_mini,000001,2,Cyclist,3,0.0,46.07,far,12.4,18,yaw,1.0,0.0,12.777
kitti_mini,000001,0,Truck,0,0.0,69.44,far,30.3,70,yaw,2.0,0.1,25.2994
kitti_mini,000001,2,Cyclist,3,0.0,46.07,far,12.4,18,yaw,2.0,0.0,25.5164
kitti_mini,000001,0,Truck,0,0.0,69.44,far,30.3,70,yaw,3.0,0.0,37.9651
kitti_mini,000001,2,Cyclist,3,0.0,46.07,far,12.4,18,yaw,3.0,0.0,38.2262
kitti_mini,000001,0,Truck,0,0.0,69.44,far,30.3,70,tx,0.0,1.0,0.0
kitti_mini,000001,2,Cyclist,3,0.0,46.07,far,12.4,18,tx,0.0,1.0,0.0
kitti_mini,000001,0,Truck,0,0.0,69.44,far,30.3,70,tx,0.02,1.0,0.0041
kitti_mini,000001,2,Cyclist,3,0.0,46.07,far,12.4,18,tx,0.02,1.0,0.0325
kitti_mini,000001,0,Truck,0,0.0,69.44,far,30.3,70,tx,0.05,1.0,0.0103
kitti_mini,000001,2,Cyclist,3,0.0,46.07,far,12.4,18,tx,0.05,1.0,0.0811
kitti_mini,000001,0,Truck,0,0.0,69.44,far,30.3,70,tx,0.1,1.0,0.0205
kitti_mini,000001,2,Cyclist,3,0.0,46.07,far,12.4,18,tx,0.1,1.0,0.162
kitti_mini,000001,0,Truck,0,0.0,69.44,far,30.3,70,ty,0.0,1.0,0.0
kitti_mini,000001,2,Cyclist,3,0.0,46.07,far,12.4,18,ty,0.0,1.0,0.0
kitti_mini,000001,0,Truck,0,0.0,69.44,far,30.3,70,ty,0.02,1.0,0.2277
kitti_mini,000001,2,Cyclist,3,0.0,46.07,far,12.4,18,ty,0.02,1.0,0.3153
kitti_mini,000001,0,Truck,0,0.0,69.44,far,30.3,70,ty,0.05,0.9857,0.5692
kitti_mini,000001,2,Cyclist,3,0.0,46.07,far,12.4,18,ty,0.05,1.0,0.7883
kitti_mini,000001,0,Truck,0,0.0,69.44,far,30.3,70,ty,0.1,0.9714,1.1384
kitti_mini,000001,2,Cyclist,3,0.0,46.07,far,12.4,18,ty,0.1,0.9444,1.5766
kitti_mini,000004,0,Car,0,0.0,41.36,far,64.5,77,yaw,0.0,1.0,0.0
kitti_mini,000004,1,Car,0,0.0,53.58,far,41.0,26,yaw,0.0,1.0,0.0
kitti_mini,000004,0,Car,0,0.0,41.36,far,64.5,77,yaw,0.5,0.974,7.4197
kitti_mini,000004,1,Car,0,0.0,53.58,far,41.0,26,yaw,0.5,0.8462,6.9643
kitti_mini,000004,0,Car,0,0.0,41.36,far,64.5,77,yaw,1.0,0.8442,14.8939
kitti_mini,000004,1,Car,0,0.0,53.58,far,41.0,26,yaw,1.0,0.6538,13.968
kitti_mini,000004,0,Car,0,0.0,41.36,far,64.5,77,yaw,2.0,0.6104,30.0133
kitti_mini,000004,1,Car,0,0.0,53.58,far,41.0,26,yaw,2.0,0.3462,28.0989
kitti_mini,000004,0,Car,0,0.0,41.36,far,64.5,77,yaw,3.0,0.2727,45.3727
kitti_mini,000004,1,Car,0,0.0,53.58,far,41.0,26,yaw,3.0,0.0,42.4045
kitti_mini,000004,0,Car,0,0.0,41.36,far,64.5,77,tx,0.0,1.0,0.0
kitti_mini,000004,1,Car,0,0.0,53.58,far,41.0,26,tx,0.0,1.0,0.0
kitti_mini,000004,0,Car,0,0.0,41.36,far,64.5,77,tx,0.02,1.0,0.1587
kitti_mini,000004,1,Car,0,0.0,53.58,far,41.0,26,tx,0.02,1.0,0.0907
kitti_mini,000004,0,Car,0,0.0,41.36,far,64.5,77,tx,0.05,1.0,0.3965
kitti_mini,000004,1,Car,0,0.0,53.58,far,41.0,26,tx,0.05,1.0,0.2266
kitti_mini,000004,0,Car,0,0.0,41.36,far,64.5,77,tx,0.1,1.0,0.7919
kitti_mini,000004,1,Car,0,0.0,53.58,far,41.0,26,tx,0.1,1.0,0.4528
kitti_mini,000004,0,Car,0,0.0,41.36,far,64.5,77,ty,0.0,1.0,0.0
kitti_mini,000004,1,Car,0,0.0,53.58,far,41.0,26,ty,0.0,1.0,0.0
kitti_mini,000004,0,Car,0,0.0,41.36,far,64.5,77,ty,0.02,1.0,0.389
kitti_mini,000004,1,Car,0,0.0,53.58,far,41.0,26,ty,0.02,1.0,0.2898
kitti_mini,000004,0,Car,0,0.0,41.36,far,64.5,77,ty,0.05,1.0,0.9726
kitti_mini,000004,1,Car,0,0.0,53.58,far,41.0,26,ty,0.05,1.0,0.7246
kitti_mini,000004,0,Car,0,0.0,41.36,far,64.5,77,ty,0.1,1.0,1.9451
kitti_mini,000004,1,Car,0,0.0,53.58,far,41.0,26,ty,0.1,1.0,1.4492
kitti_mini,000007,0,Car,0,0.0,25.02,mid,51.8,191,yaw,0.0,1.0,0.0
kitti_mini,000007,1,Car,0,0.0,48.13,far,31.0,19,yaw,0.0,1.0,0.0
kitti_mini,000007,3,Cyclist,0,0.0,36.35,far,25.0,25,yaw,0.0,1.0,0.0
kitti_mini,000007,0,Car,0,0.0,25.02,mid,51.8,191,yaw,0.5,0.9005,6.3777
kitti_mini,000007,1,Car,0,0.0,48.13,far,31.0,19,yaw,0.5,0.6842,6.5048
kitti_mini,000007,3,Cyclist,0,0.0,36.35,far,25.0,25,yaw,0.5,0.96,7.2242
kitti_mini,000007,0,Car,0,0.0,25.02,mid,51.8,191,yaw,1.0,0.7853,12.7598
kitti_mini,000007,1,Car,0,0.0,48.13,far,31.0,19,yaw,1.0,0.5263,13.0288
kitti_mini,000007,3,Cyclist,0,0.0,36.35,far,25.0,25,yaw,1.0,0.44,14.4964
kitti_mini,000007,0,Car,0,0.0,25.02,mid,51.8,191,yaw,2.0,0.5131,25.5401
kitti_mini,000007,1,Car,0,0.0,48.13,far,31.0,19,yaw,2.0,0.0526,26.1389
kitti_mini,000007,3,Cyclist,0,0.0,36.35,far,25.0,25,yaw,2.0,0.0,29.1913
kitti_mini,000007,0,Car,0,0.0,25.02,mid,51.8,191,yaw,3.0,0.2199,38.3488
kitti_mini,000007,1,Car,0,0.0,48.13,far,31.0,19,yaw,3.0,0.0,39.3392
kitti_mini,000007,3,Cyclist,0,0.0,36.35,far,25.0,25,yaw,3.0,0.0,44.0982
kitti_mini,000007,0,Car,0,0.0,25.02,mid,51.8,191,tx,0.0,1.0,0.0
kitti_mini,000007,1,Car,0,0.0,48.13,far,31.0,19,tx,0.0,1.0,0.0
kitti_mini,000007,3,Cyclist,0,0.0,36.35,far,25.0,25,tx,0.0,1.0,0.0
kitti_mini,000007,0,Car,0,0.0,25.02,mid,51.8,191,tx,0.02,1.0,0.0288
kitti_mini,000007,1,Car,0,0.0,48.13,far,31.0,19,tx,0.02,1.0,0.0505
kitti_mini,000007,3,Cyclist,0,0.0,36.35,far,25.0,25,tx,0.02,1.0,0.1558
kitti_mini,000007,0,Car,0,0.0,25.02,mid,51.8,191,tx,0.05,1.0,0.072
kitti_mini,000007,1,Car,0,0.0,48.13,far,31.0,19,tx,0.05,1.0,0.1262
kitti_mini,000007,3,Cyclist,0,0.0,36.35,far,25.0,25,tx,0.05,1.0,0.3892
kitti_mini,000007,0,Car,0,0.0,25.02,mid,51.8,191,tx,0.1,1.0,0.1437
kitti_mini,000007,1,Car,0,0.0,48.13,far,31.0,19,tx,0.1,1.0,0.2521
kitti_mini,000007,3,Cyclist,0,0.0,36.35,far,25.0,25,tx,0.1,1.0,0.7773
kitti_mini,000007,0,Car,0,0.0,25.02,mid,51.8,191,ty,0.0,1.0,0.0
kitti_mini,000007,1,Car,0,0.0,48.13,far,31.0,19,ty,0.0,1.0,0.0
kitti_mini,000007,3,Cyclist,0,0.0,36.35,far,25.0,25,ty,0.0,1.0,0.0
kitti_mini,000007,0,Car,0,0.0,25.02,mid,51.8,191,ty,0.02,1.0,0.6128
kitti_mini,000007,1,Car,0,0.0,48.13,far,31.0,19,ty,0.02,1.0,0.3148
kitti_mini,000007,3,Cyclist,0,0.0,36.35,far,25.0,25,ty,0.02,1.0,0.4242
kitti_mini,000007,0,Car,0,0.0,25.02,mid,51.8,191,ty,0.05,1.0,1.532
kitti_mini,000007,1,Car,0,0.0,48.13,far,31.0,19,ty,0.05,0.9474,0.7869
kitti_mini,000007,3,Cyclist,0,0.0,36.35,far,25.0,25,ty,0.05,1.0,1.0605
kitti_mini,000007,0,Car,0,0.0,25.02,mid,51.8,191,ty,0.1,0.9738,3.064
kitti_mini,000007,1,Car,0,0.0,48.13,far,31.0,19,ty,0.1,0.9474,1.5738
kitti_mini,000007,3,Cyclist,0,0.0,36.35,far,25.0,25,ty,0.1,1.0,2.121
kitti_mini,000008,0,Car,3,0.88,4.56,near,402.3,6237,yaw,0.0,0.2264,0.0
kitti_mini,000008,1,Car,1,0.0,7.95,near,289.6,1940,yaw,0.0,1.0,0.0
kitti_mini,000008,2,Car,3,0.34,7.23,near,303.7,1041,yaw,0.0,0.8367,0.0
kitti_mini,000008,3,Car,1,0.0,14.48,near,123.3,668,yaw,0.0,1.0,0.0
kitti_mini,000008,4,Car,0,0.0,33.98,far,51.1,53,yaw,0.0,1.0,0.0
kitti_mini,000008,5,Car,0,0.0,21.69,mid,71.9,164,yaw,0.0,1.0,0.0
kitti_mini,000008,0,Car,3,0.88,4.56,near,402.3,6237,yaw,0.5,0.2198,8.8899
kitti_mini,000008,1,Car,1,0.0,7.95,near,289.6,1940,yaw,0.5,1.0,6.7358
kitti_mini,000008,2,Car,3,0.34,7.23,near,303.7,1041,yaw,0.5,0.8578,9.4505
kitti_mini,000008,3,Car,1,0.0,14.48,near,123.3,668,yaw,0.5,1.0,6.4537
kitti_mini,000008,4,Car,0,0.0,33.98,far,51.1,53,yaw,0.5,0.9057,6.6202
kitti_mini,000008,5,Car,0,0.0,21.69,mid,71.9,164,yaw,0.5,0.9878,7.5258
kitti_mini,000008,0,Car,3,0.88,4.56,near,402.3,6237,yaw,1.0,0.2124,17.7619
kitti_mini,000008,1,Car,1,0.0,7.95,near,289.6,1940,yaw,1.0,1.0,13.492
kitti_mini,000008,2,Car,3,0.34,7.23,near,303.7,1041,yaw,1.0,0.8636,18.7907
kitti_mini,000008,3,Car,1,0.0,14.48,near,123.3,668,yaw,1.0,0.9805,12.9015
kitti_mini,000008,4,Car,0,0.0,33.98,far,51.1,53,yaw,1.0,0.7547,13.2171
kitti_mini,000008,5,Car,0,0.0,21.69,mid,71.9,164,yaw,1.0,0.8659,14.9964
kitti_mini,000008,0,Car,3,0.88,4.56,near,402.3,6237,yaw,2.0,0.1995,35.4966
kitti_mini,000008,1,Car,1,0.0,7.95,near,289.6,1940,yaw,2.0,0.9938,27.0702
kitti_mini,000008,2,Car,3,0.34,7.23,near,303.7,1041,yaw,2.0,0.8482,37.1539
kitti_mini,000008,3,Car,1,0.0,14.48,near,123.3,668,yaw,2.0,0.8638,25.7827
kitti_mini,000008,4,Car,0,0.0,33.98,far,51.1,53,yaw,2.0,0.3208,26.3454
kitti_mini,000008,5,Car,0,0.0,21.69,mid,71.9,164,yaw,2.0,0.6037,29.7789
kitti_mini,000008,0,Car,3,0.88,4.56,near,402.3,6237,yaw,3.0,0.1881,53.2026
kitti_mini,000008,1,Car,1,0.0,7.95,near,289.6,1940,yaw,3.0,0.9763,40.7404
kitti_mini,000008,2,Car,3,0.34,7.23,near,303.7,1041,yaw,3.0,0.8434,55.1154
kitti_mini,000008,3,Car,1,0.0,14.48,near,123.3,668,yaw,3.0,0.729,38.6523
kitti_mini,000008,4,Car,0,0.0,33.98,far,51.1,53,yaw,3.0,0.0566,39.3938
kitti_mini,000008,5,Car,0,0.0,21.69,mid,71.9,164,yaw,3.0,0.378,44.3608
kitti_mini,000008,0,Car,3,0.88,4.56,near,402.3,6237,tx,0.0,0.2264,0.0
kitti_mini,000008,1,Car,1,0.0,7.95,near,289.6,1940,tx,0.0,1.0,0.0
kitti_mini,000008,2,Car,3,0.34,7.23,near,303.7,1041,tx,0.0,0.8367,0.0
kitti_mini,000008,3,Car,1,0.0,14.48,near,123.3,668,tx,0.0,1.0,0.0
kitti_mini,000008,4,Car,0,0.0,33.98,far,51.1,53,tx,0.0,1.0,0.0
kitti_mini,000008,5,Car,0,0.0,21.69,mid,71.9,164,tx,0.0,1.0,0.0
kitti_mini,000008,0,Car,3,0.88,4.56,near,402.3,6237,tx,0.02,0.2302,2.3706
kitti_mini,000008,1,Car,1,0.0,7.95,near,289.6,1940,tx,0.02,1.0,0.4728
kitti_mini,000008,2,Car,3,0.34,7.23,near,303.7,1041,tx,0.02,0.8463,2.0327
kitti_mini,000008,3,Car,1,0.0,14.48,near,123.3,668,tx,0.02,1.0,0.1016
kitti_mini,000008,4,Car,0,0.0,33.98,far,51.1,53,tx,0.02,1.0,0.0962
kitti_mini,000008,5,Car,0,0.0,21.69,mid,71.9,164,tx,0.02,1.0,0.3316
kitti_mini,000008,0,Car,3,0.88,4.56,near,402.3,6237,tx,0.05,0.2368,5.8769
kitti_mini,000008,1,Car,1,0.0,7.95,near,289.6,1940,tx,0.05,1.0,1.1765
kitti_mini,000008,2,Car,3,0.34,7.23,near,303.7,1041,tx,0.05,0.8569,5.0519
kitti_mini,000008,3,Car,1,0.0,14.48,near,123.3,668,tx,0.05,1.0,0.2533
kitti_mini,000008,4,Car,0,0.0,33.98,far,51.1,53,tx,0.05,1.0,0.2404
kitti_mini,000008,5,Car,0,0.0,21.69,mid,71.9,164,tx,0.05,1.0,0.8276
kitti_mini,000008,0,Car,3,0.88,4.56,near,402.3,6237,tx,0.1,0.2451,11.5921
kitti_mini,000008,1,Car,1,0.0,7.95,near,289.6,1940,tx,0.1,1.0,2.3347
kitti_mini,000008,2,Car,3,0.34,7.23,near,303.7,1041,tx,0.1,0.8751,10.0045
kitti_mini,000008,3,Car,1,0.0,14.48,near,123.3,668,tx,0.1,1.0,0.5047
kitti_mini,000008,4,Car,0,0.0,33.98,far,51.1,53,tx,0.1,1.0,0.48
kitti_mini,000008,5,Car,0,0.0,21.69,mid,71.9,164,tx,0.1,1.0,1.6509
kitti_mini,000008,0,Car,3,0.88,4.56,near,402.3,6237,ty,0.0,0.2264,0.0
kitti_mini,000008,1,Car,1,0.0,7.95,near,289.6,1940,ty,0.0,1.0,0.0
kitti_mini,000008,2,Car,3,0.34,7.23,near,303.7,1041,ty,0.0,0.8367,0.0
kitti_mini,000008,3,Car,1,0.0,14.48,near,123.3,668,ty,0.0,1.0,0.0
kitti_mini,000008,4,Car,0,0.0,33.98,far,51.1,53,ty,0.0,1.0,0.0
kitti_mini,000008,5,Car,0,0.0,21.69,mid,71.9,164,ty,0.0,1.0,0.0
kitti_mini,000008,0,Car,3,0.88,4.56,near,402.3,6237,ty,0.02,0.2245,4.0503
kitti_mini,000008,1,Car,1,0.0,7.95,near,289.6,1940,ty,0.02,1.0,2.1454
kitti_mini,000008,2,Car,3,0.34,7.23,near,303.7,1041,ty,0.02,0.8425,2.9309
kitti_mini,000008,3,Car,1,0.0,14.48,near,123.3,668,ty,0.02,1.0,1.1111
kitti_mini,000008,4,Car,0,0.0,33.98,far,51.1,53,ty,0.02,1.0,0.4556
kitti_mini,000008,5,Car,0,0.0,21.69,mid,71.9,164,ty,0.02,1.0,0.7631
kitti_mini,000008,0,Car,3,0.88,4.56,near,402.3,6237,ty,0.05,0.2214,10.0733
kitti_mini,000008,1,Car,1,0.0,7.95,near,289.6,1940,ty,0.05,1.0,5.3635
kitti_mini,000008,2,Car,3,0.34,7.23,near,303.7,1041,ty,0.05,0.8492,7.3272
kitti_mini,000008,3,Car,1,0.0,14.48,near,123.3,668,ty,0.05,1.0,2.7778
kitti_mini,000008,4,Car,0,0.0,33.98,far,51.1,53,ty,0.05,1.0,1.139
kitti_mini,000008,5,Car,0,0.0,21.69,mid,71.9,164,ty,0.05,1.0,1.9077
kitti_mini,000008,0,Car,3,0.88,4.56,near,402.3,6237,ty,0.1,0.2152,19.9678
kitti_mini,000008,1,Car,1,0.0,7.95,near,289.6,1940,ty,0.1,1.0,10.727
kitti_mini,000008,2,Car,3,0.34,7.23,near,303.7,1041,ty,0.1,0.854,14.6544
kitti_mini,000008,3,Car,1,0.0,14.48,near,123.3,668,ty,0.1,1.0,5.5556
kitti_mini,000008,4,Car,0,0.0,33.98,far,51.1,53,ty,0.1,1.0,2.2779
kitti_mini,000008,5,Car,0,0.0,21.69,mid,71.9,164,ty,0.1,1.0,3.8154
kitti_mini,000009,0,Car,0,0.0,23.89,mid,57.2,219,yaw,0.0,1.0,0.0
kitti_mini,000009,0,Car,0,0.0,23.89,mid,57.2,219,yaw,0.5,0.9269,6.3777
kitti_mini,000009,0,Car,0,0.0,23.89,mid,57.2,219,yaw,1.0,0.8219,12.7542
kitti_mini,000009,0,Car,0,0.0,23.89,mid,57.2,219,yaw,2.0,0.5479,25.5091
kitti_mini,000009,0,Car,0,0.0,23.89,mid,57.2,219,yaw,3.0,0.3014,38.2684
kitti_mini,000009,0,Car,0,0.0,23.89,mid,57.2,219,tx,0.0,1.0,0.0
kitti_mini,000009,0,Car,0,0.0,23.89,mid,57.2,219,tx,0.02,1.0,0.0341
kitti_mini,000009,0,Car,0,0.0,23.89,mid,57.2,219,tx,0.05,1.0,0.0852
kitti_mini,000009,0,Car,0,0.0,23.89,mid,57.2,219,tx,0.1,1.0,0.17
kitti_mini,000009,0,Car,0,0.0,23.89,mid,57.2,219,ty,0.0,1.0,0.0
kitti_mini,000009,0,Car,0,0.0,23.89,mid,57.2,219,ty,0.02,1.0,0.6434
kitti_mini,000009,0,Car,0,0.0,23.89,mid,57.2,219,ty,0.05,1.0,1.6086
kitti_mini,000009,0,Car,0,0.0,23.89,mid,57.2,219,ty,0.1,0.9909,3.2172
kitti_mini,000010,0,Car,0,0.8,6.83,near,227.6,1645,yaw,0.0,0.1684,0.0
kitti_mini,000010,1,Car,0,0.0,12.04,near,195.1,1016,yaw,0.0,1.0,0.0
kitti_mini,000010,2,Pedestrian,2,0.0,24.94,mid,20.1,23,yaw,0.0,1.0,0.0
kitti_mini,000010,3,Car,0,0.0,17.51,mid,107.2,340,yaw,0.0,1.0,0.0
kitti_mini,000010,4,Car,2,0.0,23.1,mid,78.2,48,yaw,0.0,1.0,0.0
kitti_mini,000010,5,Car,0,0.0,23.64,mid,76.5,246,yaw,0.0,1.0,0.0
kitti_mini,000010,6,Car,2,0.0,29.08,mid,54.0,55,yaw,0.0,1.0,0.0
kitti_mini,000010,7,Car,1,0.0,29.6,mid,55.4,33,yaw,0.0,1.0,0.0
kitti_mini,000010,8,Car,1,0.0,43.09,far,43.5,20,yaw,0.0,1.0,0.0
kitti_mini,000010,0,Car,0,0.8,6.83,near,227.6,1645,yaw,0.5,0.1818,9.8642
kitti_mini,000010,1,Car,0,0.0,12.04,near,195.1,1016,yaw,0.5,1.0,6.7461
kitti_mini,000010,2,Pedestrian,2,0.0,24.94,mid,20.1,23,yaw,0.5,0.8261,7.1736
kitti_mini,000010,3,Car,0,0.0,17.51,mid,107.2,340,yaw,0.5,0.9971,7.2383
kitti_mini,000010,4,Car,2,0.0,23.1,mid,78.2,48,yaw,0.5,0.9792,6.8794
kitti_mini,000010,5,Car,0,0.0,23.64,mid,76.5,246,yaw,0.5,1.0,6.3794
kitti_mini,000010,6,Car,2,0.0,29.08,mid,54.0,55,yaw,0.5,1.0,6.3675
kitti_mini,000010,7,Car,1,0.0,29.6,mid,55.4,33,yaw,0.5,0.8182,6.7777
kitti_mini,000010,8,Car,1,0.0,43.09,far,43.5,20,yaw,0.5,1.0,6.4001
kitti_mini,000010,0,Car,0,0.8,6.83,near,227.6,1645,yaw,1.0,0.1891,19.6051
kitti_mini,000010,1,Car,0,0.0,12.04,near,195.1,1016,yaw,1.0,1.0,13.5185
kitti_mini,000010,2,Pedestrian,2,0.0,24.94,mid,20.1,23,yaw,1.0,0.3043,14.303
kitti_mini,000010,3,Car,0,0.0,17.51,mid,107.2,340,yaw,1.0,0.9588,14.4312
kitti_mini,000010,4,Car,2,0.0,23.1,mid,78.2,48,yaw,1.0,0.625,13.7254
kitti_mini,000010,5,Car,0,0.0,23.64,mid,76.5,246,yaw,1.0,0.9431,12.7609
kitti_mini,000010,6,Car,2,0.0,29.08,mid,54.0,55,yaw,1.0,0.9636,12.7312
kitti_mini,000010,7,Car,1,0.0,29.6,mid,55.4,33,yaw,1.0,0.5758,13.5255
kitti_mini,000010,8,Car,1,0.0,43.09,far,43.5,20,yaw,1.0,0.85,12.7895
kitti_mini,000010,0,Car,0,0.8,6.83,near,227.6,1645,yaw,2.0,0.2055,38.732
kitti_mini,000010,1,Car,0,0.0,12.04,near,195.1,1016,yaw,2.0,0.9685,27.1462
kitti_mini,000010,2,Pedestrian,2,0.0,24.94,mid,20.1,23,yaw,2.0,0.0,28.4351
kitti_mini,000010,3,Car,0,0.0,17.51,mid,107.2,340,yaw,2.0,0.8735,28.6873
kitti_mini,000010,4,Car,2,0.0,23.1,mid,78.2,48,yaw,2.0,0.25,27.3226
kitti_mini,000010,5,Car,0,0.0,23.64,mid,76.5,246,yaw,2.0,0.7602,25.5363
kitti_mini,000010,6,Car,2,0.0,29.08,mid,54.0,55,yaw,2.0,0.8909,25.453
kitti_mini,000010,7,Car,1,0.0,29.6,mid,55.4,33,yaw,2.0,0.1212,26.9363
kitti_mini,000010,8,Car,1,0.0,43.09,far,43.5,20,yaw,2.0,0.25,25.5403
kitti_mini,000010,0,Car,0,0.8,6.83,near,227.6,1645,yaw,3.0,0.2401,57.4095
kitti_mini,000010,1,Car,0,0.0,12.04,near,195.1,1016,yaw,3.0,0.9085,40.8937
kitti_mini,000010,2,Pedestrian,2,0.0,24.94,mid,20.1,23,yaw,3.0,0.0,42.408
kitti_mini,000010,3,Car,0,0.0,17.51,mid,107.2,340,yaw,3.0,0.6971,42.7802
kitti_mini,000010,4,Car,2,0.0,23.1,mid,78.2,48,yaw,3.0,0.125,40.8015
kitti_mini,000010,5,Car,0,0.0,23.64,mid,76.5,246,yaw,3.0,0.5244,38.3347
kitti_mini,000010,6,Car,2,0.0,29.08,mid,54.0,55,yaw,3.0,0.6,38.1696
kitti_mini,000010,7,Car,1,0.0,29.6,mid,55.4,33,yaw,3.0,0.0,40.242
kitti_mini,000010,8,Car,1,0.0,43.09,far,43.5,20,yaw,3.0,0.1,38.2604
kitti_mini,000010,0,Car,0,0.8,6.83,near,227.6,1645,tx,0.0,0.1684,0.0
kitti_mini,000010,1,Car,0,0.0,12.04,near,195.1,1016,tx,0.0,1.0,0.0
kitti_mini,000010,2,Pedestrian,2,0.0,24.94,mid,20.1,23,tx,0.0,1.0,0.0
kitti_mini,000010,3,Car,0,0.0,17.51,mid,107.2,340,tx,0.0,1.0,0.0
kitti_mini,000010,4,Car,2,0.0,23.1,mid,78.2,48,tx,0.0,1.0,0.0
kitti_mini,000010,5,Car,0,0.0,23.64,mid,76.5,246,tx,0.0,1.0,0.0
kitti_mini,000010,6,Car,2,0.0,29.08,mid,54.0,55,tx,0.0,1.0,0.0
kitti_mini,000010,7,Car,1,0.0,29.6,mid,55.4,33,tx,0.0,1.0,0.0
kitti_mini,000010,8,Car,1,0.0,43.09,far,43.5,20,tx,0.0,1.0,0.0
kitti_mini,000010,0,Car,0,0.8,6.83,near,227.6,1645,tx,0.02,0.1733,2.1339
kitti_mini,000010,1,Car,0,0.0,12.04,near,195.1,1016,tx,0.02,1.0,0.3082
kitti_mini,000010,2,Pedestrian,2,0.0,24.94,mid,20.1,23,tx,0.02,1.0,0.2252
kitti_mini,000010,3,Car,0,0.0,17.51,mid,107.2,340,tx,0.02,1.0,0.3531
kitti_mini,000010,4,Car,2,0.0,23.1,mid,78.2,48,tx,0.02,1.0,0.2031
kitti_mini,000010,5,Car,0,0.0,23.64,mid,76.5,246,tx,0.02,1.0,0.033
kitti_mini,000010,6,Car,2,0.0,29.08,mid,54.0,55,tx,0.02,1.0,0.0273
kitti_mini,000010,7,Car,1,0.0,29.6,mid,55.4,33,tx,0.02,1.0,0.1402
kitti_mini,000010,8,Car,1,0.0,43.09,far,43.5,20,tx,0.02,1.0,0.0367
kitti_mini,000010,0,Car,0,0.8,6.83,near,227.6,1645,tx,0.05,0.1793,5.303
kitti_mini,000010,1,Car,0,0.0,12.04,near,195.1,1016,tx,0.05,1.0,0.7682
kitti_mini,000010,2,Pedestrian,2,0.0,24.94,mid,20.1,23,tx,0.05,1.0,0.5624
kitti_mini,000010,3,Car,0,0.0,17.51,mid,107.2,340,tx,0.05,1.0,0.8811
kitti_mini,000010,4,Car,2,0.0,23.1,mid,78.2,48,tx,0.05,1.0,0.5069
kitti_mini,000010,5,Car,0,0.0,23.64,mid,76.5,246,tx,0.05,1.0,0.0824
kitti_mini,000010,6,Car,2,0.0,29.08,mid,54.0,55,tx,0.05,1.0,0.0682
kitti_mini,000010,7,Car,1,0.0,29.6,mid,55.4,33,tx,0.05,1.0,0.3502
kitti_mini,000010,8,Car,1,0.0,43.09,far,43.5,20,tx,0.05,1.0,0.0916
kitti_mini,000010,0,Car,0,0.8,6.83,near,227.6,1645,tx,0.1,0.1897,10.5024
kitti_mini,000010,1,Car,0,0.0,12.04,near,195.1,1016,tx,0.1,1.0,1.5289
kitti_mini,000010,2,Pedestrian,2,0.0,24.94,mid,20.1,23,tx,0.1,1.0,1.1224
kitti_mini,000010,3,Car,0,0.0,17.51,mid,107.2,340,tx,0.1,1.0,1.7565
kitti_mini,000010,4,Car,2,0.0,23.1,mid,78.2,48,tx,0.1,1.0,1.0114
kitti_mini,000010,5,Car,0,0.0,23.64,mid,76.5,246,tx,0.1,1.0,0.1644
kitti_mini,000010,6,Car,2,0.0,29.08,mid,54.0,55,tx,0.1,1.0,0.1363
kitti_mini,000010,7,Car,1,0.0,29.6,mid,55.4,33,tx,0.1,1.0,0.6991
kitti_mini,000010,8,Car,1,0.0,43.09,far,43.5,20,tx,0.1,1.0,0.183
kitti_mini,000010,0,Car,0,0.8,6.83,near,227.6,1645,ty,0.0,0.1684,0.0
kitti_mini,000010,1,Car,0,0.0,12.04,near,195.1,1016,ty,0.0,1.0,0.0
kitti_mini,000010,2,Pedestrian,2,0.0,24.94,mid,20.1,23,ty,0.0,1.0,0.0
kitti_mini,000010,3,Car,0,0.0,17.51,mid,107.2,340,ty,0.0,1.0,0.0
kitti_mini,000010,4,Car,2,0.0,23.1,mid,78.2,48,ty,0.0,1.0,0.0
kitti_mini,000010,5,Car,0,0.0,23.64,mid,76.5,246,ty,0.0,1.0,0.0
kitti_mini,000010,6,Car,2,0.0,29.08,mid,54.0,55,ty,0.0,1.0,0.0
kitti_mini,000010,7,Car,1,0.0,29.6,mid,55.4,33,ty,0.0,1.0,0.0
kitti_mini,000010,8,Car,1,0.0,43.09,far,43.5,20,ty,0.0,1.0,0.0
kitti_mini,000010,0,Car,0,0.8,6.83,near,227.6,1645,ty,0.02,0.1714,2.8256
kitti_mini,000010,1,Car,0,0.0,12.04,near,195.1,1016,ty,0.02,1.0,1.3792
kitti_mini,000010,2,Pedestrian,2,0.0,24.94,mid,20.1,23,ty,0.02,1.0,0.6204
kitti_mini,000010,3,Car,0,0.0,17.51,mid,107.2,340,ty,0.02,1.0,0.9521
kitti_mini,000010,4,Car,2,0.0,23.1,mid,78.2,48,ty,0.02,1.0,0.6977
kitti_mini,000010,5,Car,0,0.0,23.64,mid,76.5,246,ty,0.02,1.0,0.6481
kitti_mini,000010,6,Car,2,0.0,29.08,mid,54.0,55,ty,0.02,1.0,0.5023
kitti_mini,000010,7,Car,1,0.0,29.6,mid,55.4,33,ty,0.02,1.0,0.5309
kitti_mini,000010,8,Car,1,0.0,43.09,far,43.5,20,ty,0.02,1.0,0.3481
kitti_mini,000010,0,Car,0,0.8,6.83,near,227.6,1645,ty,0.05,0.1763,7.064
kitti_mini,000010,1,Car,0,0.0,12.04,near,195.1,1016,ty,0.05,1.0,3.448
kitti_mini,000010,2,Pedestrian,2,0.0,24.94,mid,20.1,23,ty,0.05,1.0,1.5509
kitti_mini,000010,3,Car,0,0.0,17.51,mid,107.2,340,ty,0.05,1.0,2.3803
kitti_mini,000010,4,Car,2,0.0,23.1,mid,78.2,48,ty,0.05,1.0,1.7443
kitti_mini,000010,5,Car,0,0.0,23.64,mid,76.5,246,ty,0.05,1.0,1.6202
kitti_mini,000010,6,Car,2,0.0,29.08,mid,54.0,55,ty,0.05,1.0,1.2557
kitti_mini,000010,7,Car,1,0.0,29.6,mid,55.4,33,ty,0.05,1.0,1.3273
kitti_mini,000010,8,Car,1,0.0,43.09,far,43.5,20,ty,0.05,1.0,0.8701
kitti_mini,000010,0,Car,0,0.8,6.83,near,227.6,1645,ty,0.1,0.1842,14.0903
kitti_mini,000010,1,Car,0,0.0,12.04,near,195.1,1016,ty,0.1,1.0,6.8961
kitti_mini,000010,2,Pedestrian,2,0.0,24.94,mid,20.1,23,ty,0.1,1.0,3.1019
kitti_mini,000010,3,Car,0,0.0,17.51,mid,107.2,340,ty,0.1,1.0,4.7605
kitti_mini,000010,4,Car,2,0.0,23.1,mid,78.2,48,ty,0.1,1.0,3.4886
kitti_mini,000010,5,Car,0,0.0,23.64,mid,76.5,246,ty,0.1,1.0,3.2405
kitti_mini,000010,6,Car,2,0.0,29.08,mid,54.0,55,ty,0.1,1.0,2.5113
kitti_mini,000010,7,Car,1,0.0,29.6,mid,55.4,33,ty,0.1,1.0,2.6545
kitti_mini,000010,8,Car,1,0.0,43.09,far,43.5,20,ty,0.1,1.0,1.7403
kitti_mini,000011,0,Pedestrian,1,0.0,13.41,near,53.7,151,yaw,0.0,0.9934,0.0
kitti_mini,000011,1,Pedestrian,2,0.0,14.48,near,59.7,35,yaw,0.0,1.0,0.0
kitti_mini,000011,2,Car,0,0.0,27.1,mid,60.7,208,yaw,0.0,1.0,0.0
kitti_mini,000011,3,Pedestrian,0,0.0,34.15,far,15.3,40,yaw,0.0,1.0,0.0
kitti_mini,000011,4,Car,0,0.98,6.58,near,85.9,3251,yaw,0.0,0.0637,0.0
kitti_mini,000011,5,Pedestrian,0,0.0,17.81,mid,27.7,81,yaw,0.0,1.0,0.0
kitti_mini,000011,0,Pedestrian,1,0.0,13.41,near,53.7,151,yaw,0.5,0.9338,7.4685
kitti_mini,000011,1,Pedestrian,2,0.0,14.48,near,59.7,35,yaw,0.5,1.0,7.4893
kitti_mini,000011,2,Car,0,0.0,27.1,mid,60.7,208,yaw,0.5,0.9567,6.5949
kitti_mini,000011,3,Pedestrian,0,0.0,34.15,far,15.3,40,yaw,0.5,0.525,6.3689
kitti_mini,000011,4,Car,0,0.98,6.58,near,85.9,3251,yaw,0.5,0.0529,10.7031
kitti_mini,000011,5,Pedestrian,0,0.0,17.81,mid,27.7,81,yaw,0.5,0.8148,7.9977
kitti_mini,000011,0,Pedestrian,1,0.0,13.41,near,53.7,151,yaw,1.0,0.8212,14.8848
kitti_mini,000011,1,Pedestrian,2,0.0,14.48,near,59.7,35,yaw,1.0,1.0,14.9254
kitti_mini,000011,2,Car,0,0.0,27.1,mid,60.7,208,yaw,1.0,0.8558,13.2125
kitti_mini,000011,3,Pedestrian,0,0.0,34.15,far,15.3,40,yaw,1.0,0.075,12.732
kitti_mini,000011,4,Car,0,0.98,6.58,near,85.9,3251,yaw,1.0,0.0431,21.4128
kitti_mini,000011,5,Pedestrian,0,0.0,17.81,mid,27.7,81,yaw,1.0,0.3457,16.0671
kitti_mini,000011,0,Pedestrian,1,0.0,13.41,near,53.7,151,yaw,2.0,0.2914,29.5669
kitti_mini,000011,1,Pedestrian,2,0.0,14.48,near,59.7,35,yaw,2.0,0.6,29.6447
kitti_mini,000011,2,Car,0,0.0,27.1,mid,60.7,208,yaw,2.0,0.6106,26.5204
kitti_mini,000011,3,Pedestrian,0,0.0,34.15,far,15.3,40,yaw,2.0,0.0,25.4445
kitti_mini,000011,4,Car,0,0.98,6.58,near,85.9,3251,yaw,2.0,0.0237,42.7914
kitti_mini,000011,5,Pedestrian,0,0.0,17.81,mid,27.7,81,yaw,2.0,0.0,32.4305
kitti_mini,000011,0,Pedestrian,1,0.0,13.41,near,53.7,151,yaw,3.0,0.0662,44.0595
kitti_mini,000011,1,Pedestrian,2,0.0,14.48,near,59.7,35,yaw,3.0,0.1714,44.171
kitti_mini,000011,2,Car,0,0.0,27.1,mid,60.7,208,yaw,3.0,0.3654,39.9324
kitti_mini,000011,3,Pedestrian,0,0.0,34.15,far,15.3,40,yaw,3.0,0.0,38.1445
kitti_mini,000011,4,Car,0,0.98,6.58,near,85.9,3251,yaw,3.0,0.0068,64.2117
kitti_mini,000011,5,Pedestrian,0,0.0,17.81,mid,27.7,81,yaw,3.0,0.0,49.109
kitti_mini,000011,0,Pedestrian,1,0.0,13.41,near,53.7,151,tx,0.0,0.9934,0.0
kitti_mini,000011,1,Pedestrian,2,0.0,14.48,near,59.7,35,tx,0.0,1.0,0.0
kitti_mini,000011,2,Car,0,0.0,27.1,mid,60.7,208,tx,0.0,1.0,0.0
kitti_mini,000011,3,Pedestrian,0,0.0,34.15,far,15.3,40,tx,0.0,1.0,0.0
kitti_mini,000011,4,Car,0,0.98,6.58,near,85.9,3251,tx,0.0,0.0637,0.0
kitti_mini,000011,5,Pedestrian,0,0.0,17.81,mid,27.7,81,tx,0.0,1.0,0.0
kitti_mini,000011,0,Pedestrian,1,0.0,13.41,near,53.7,151,tx,0.02,1.0,0.482
kitti_mini,000011,1,Pedestrian,2,0.0,14.48,near,59.7,35,tx,0.02,1.0,0.4587
kitti_mini,000011,2,Car,0,0.0,27.1,mid,60.7,208,tx,0.02,1.0,0.1068
kitti_mini,000011,3,Pedestrian,0,0.0,34.15,far,15.3,40,tx,0.02,1.0,0.0276
kitti_mini,000011,4,Car,0,0.98,6.58,near,85.9,3251,tx,0.02,0.0667,2.1097
kitti_mini,000011,5,Pedestrian,0,0.0,17.81,mid,27.7,81,tx,0.02,1.0,0.4498
kitti_mini,000011,0,Pedestrian,1,0.0,13.41,near,53.7,151,tx,0.05,1.0,1.202
kitti_mini,000011,1,Pedestrian,2,0.0,14.48,near,59.7,35,tx,0.05,1.0,1.1441
kitti_mini,000011,2,Car,0,0.0,27.1,mid,60.7,208,tx,0.05,1.0,0.2668
kitti_mini,000011,3,Pedestrian,0,0.0,34.15,far,15.3,40,tx,0.05,0.975,0.069
kitti_mini,000011,4,Car,0,0.98,6.58,near,85.9,3251,tx,0.05,0.0717,5.2461
kitti_mini,000011,5,Pedestrian,0,0.0,17.81,mid,27.7,81,tx,0.05,1.0,1.1224
kitti_mini,000011,0,Pedestrian,1,0.0,13.41,near,53.7,151,tx,0.1,0.9934,2.3944
kitti_mini,000011,1,Pedestrian,2,0.0,14.48,near,59.7,35,tx,0.1,1.0,2.2796
kitti_mini,000011,2,Car,0,0.0,27.1,mid,60.7,208,tx,0.1,1.0,0.5326
kitti_mini,000011,3,Pedestrian,0,0.0,34.15,far,15.3,40,tx,0.1,0.975,0.1378
kitti_mini,000011,4,Car,0,0.98,6.58,near,85.9,3251,tx,0.1,0.0775,10.4
kitti_mini,000011,5,Pedestrian,0,0.0,17.81,mid,27.7,81,tx,0.1,0.9877,2.2378
kitti_mini,000011,0,Pedestrian,1,0.0,13.41,near,53.7,151,ty,0.0,0.9934,0.0
kitti_mini,000011,1,Pedestrian,2,0.0,14.48,near,59.7,35,ty,0.0,1.0,0.0
kitti_mini,000011,2,Car,0,0.0,27.1,mid,60.7,208,ty,0.0,1.0,0.0
kitti_mini,000011,3,Pedestrian,0,0.0,34.15,far,15.3,40,ty,0.0,1.0,0.0
kitti_mini,000011,4,Car,0,0.98,6.58,near,85.9,3251,ty,0.0,0.0637,0.0
kitti_mini,000011,5,Pedestrian,0,0.0,17.81,mid,27.7,81,ty,0.0,1.0,0.0
kitti_mini,000011,0,Pedestrian,1,0.0,13.41,near,53.7,151,ty,0.02,1.0,1.1676
kitti_mini,000011,1,Pedestrian,2,0.0,14.48,near,59.7,35,ty,0.02,1.0,1.0854
kitti_mini,000011,2,Car,0,0.0,27.1,mid,60.7,208,ty,0.02,1.0,0.5717
kitti_mini,000011,3,Pedestrian,0,0.0,34.15,far,15.3,40,ty,0.02,0.95,0.4242
kitti_mini,000011,4,Car,0,0.98,6.58,near,85.9,3251,ty,0.02,0.0618,2.5847
kitti_mini,000011,5,Pedestrian,0,0.0,17.81,mid,27.7,81,ty,0.02,1.0,0.9056
kitti_mini,000011,0,Pedestrian,1,0.0,13.41,near,53.7,151,ty,0.05,0.9868,2.9189
kitti_mini,000011,1,Pedestrian,2,0.0,14.48,near,59.7,35,ty,0.05,1.0,2.7136
kitti_mini,000011,2,Car,0,0.0,27.1,mid,60.7,208,ty,0.05,1.0,1.4293
kitti_mini,000011,3,Pedestrian,0,0.0,34.15,far,15.3,40,ty,0.05,0.95,1.0604
kitti_mini,000011,4,Car,0,0.98,6.58,near,85.9,3251,ty,0.05,0.0578,6.4295
kitti_mini,000011,5,Pedestrian,0,0.0,17.81,mid,27.7,81,ty,0.05,1.0,2.264
kitti_mini,000011,0,Pedestrian,1,0.0,13.41,near,53.7,151,ty,0.1,0.9603,5.8378
kitti_mini,000011,1,Pedestrian,2,0.0,14.48,near,59.7,35,ty,0.1,1.0,5.4272
kitti_mini,000011,2,Car,0,0.0,27.1,mid,60.7,208,ty,0.1,1.0,2.8587
kitti_mini,000011,3,Pedestrian,0,0.0,34.15,far,15.3,40,ty,0.1,0.875,2.1208
kitti_mini,000011,4,Car,0,0.98,6.58,near,85.9,3251,ty,0.1,0.0517,12.7635
kitti_mini,000011,5,Pedestrian,0,0.0,17.81,mid,27.7,81,ty,0.1,0.963,4.528
kitti_mini,000012,0,Car,0,0.0,59.08,far,28.0,13,yaw,0.0,1.0,0.0
kitti_mini,000012,1,Van,0,0.0,66.31,far,33.5,39,yaw,0.0,1.0,0.0
kitti_mini,000012,0,Car,0,0.0,59.08,far,28.0,13,yaw,0.5,1.0,6.3813
kitti_mini,000012,1,Van,0,0.0,66.31,far,33.5,39,yaw,0.5,0.8974,6.5901
kitti_mini,000012,0,Car,0,0.0,59.08,far,28.0,13,yaw,1.0,0.8462,12.7528
kitti_mini,000012,1,Van,0,0.0,66.31,far,33.5,39,yaw,1.0,0.5897,13.2043
kitti_mini,000012,0,Car,0,0.0,59.08,far,28.0,13,yaw,2.0,0.0769,25.4706
kitti_mini,000012,1,Van,0,0.0,66.31,far,33.5,39,yaw,2.0,0.1026,26.51
kitti_mini,000012,0,Car,0,0.0,59.08,far,28.0,13,yaw,3.0,0.0,38.1613
kitti_mini,000012,1,Van,0,0.0,66.31,far,33.5,39,yaw,3.0,0.0,39.9265
kitti_mini,000012,0,Car,0,0.0,59.08,far,28.0,13,tx,0.0,1.0,0.0
kitti_mini,000012,1,Van,0,0.0,66.31,far,33.5,39,tx,0.0,1.0,0.0
kitti_mini,000012,0,Car,0,0.0,59.08,far,28.0,13,tx,0.02,1.0,0.0251
kitti_mini,000012,1,Van,0,0.0,66.31,far,33.5,39,tx,0.02,1.0,0.0459
kitti_mini,000012,0,Car,0,0.0,59.08,far,28.0,13,tx,0.05,1.0,0.0628
kitti_mini,000012,1,Van,0,0.0,66.31,far,33.5,39,tx,0.05,1.0,0.1146
kitti_mini,000012,0,Car,0,0.0,59.08,far,28.0,13,tx,0.1,1.0,0.1254
kitti_mini,000012,1,Van,0,0.0,66.31,far,33.5,39,tx,0.1,1.0,0.229
kitti_mini,000012,0,Car,0,0.0,59.08,far,28.0,13,ty,0.0,1.0,0.0
kitti_mini,000012,1,Van,0,0.0,66.31,far,33.5,39,ty,0.0,1.0,0.0
kitti_mini,000012,0,Car,0,0.0,59.08,far,28.0,13,ty,0.02,1.0,0.2524
kitti_mini,000012,1,Van,0,0.0,66.31,far,33.5,39,ty,0.02,1.0,0.23
kitti_mini,000012,0,Car,0,0.0,59.08,far,28.0,13,ty,0.05,1.0,0.631
kitti_mini,000012,1,Van,0,0.0,66.31,far,33.5,39,ty,0.05,1.0,0.5751
kitti_mini,000012,0,Car,0,0.0,59.08,far,28.0,13,ty,0.1,1.0,1.2619
kitti_mini,000012,1,Van,0,0.0,66.31,far,33.5,39,ty,0.1,1.0,1.1501
kitti_mini,000015,0,Car,0,0.89,4.94,near,414.7,5857,yaw,0.0,0.2795,0.0
kitti_mini,000015,1,Pedestrian,1,0.0,8.95,near,79.6,386,yaw,0.0,0.9611,0.0
kitti_mini,000015,2,Pedestrian,0,0.0,24.27,mid,17.9,55,yaw,0.0,0.8909,0.0
kitti_mini,000015,3,Pedestrian,0,0.0,24.44,mid,19.8,70,yaw,0.0,0.8429,0.0
kitti_mini,000015,4,Pedestrian,0,0.0,23.37,mid,23.1,66,yaw,0.0,1.0,0.0
kitti_mini,000015,0,Car,0,0.89,4.94,near,414.7,5857,yaw,0.5,0.2752,8.2465
kitti_mini,000015,1,Pedestrian,1,0.0,8.95,near,79.6,386,yaw,0.5,0.8549,8.8509
kitti_mini,000015,2,Pedestrian,0,0.0,24.27,mid,17.9,55,yaw,0.5,0.3455,6.4014
kitti_mini,000015,3,Pedestrian,0,0.0,24.44,mid,19.8,70,yaw,0.5,0.4429,6.4436
kitti_mini,000015,4,Pedestrian,0,0.0,23.37,mid,23.1,66,yaw,0.5,0.7576,6.3789
kitti_mini,000015,0,Car,0,0.89,4.94,near,414.7,5857,yaw,1.0,0.2713,16.5231
kitti_mini,000015,1,Pedestrian,1,0.0,8.95,near,79.6,386,yaw,1.0,0.6969,17.6072
kitti_mini,000015,2,Pedestrian,0,0.0,24.27,mid,17.9,55,yaw,1.0,0.0,12.7919
kitti_mini,000015,3,Pedestrian,0,0.0,24.44,mid,19.8,70,yaw,1.0,0.0857,12.8729
kitti_mini,000015,4,Pedestrian,0,0.0,23.37,mid,23.1,66,yaw,1.0,0.2576,12.7671
kitti_mini,000015,0,Car,0,0.89,4.94,near,414.7,5857,yaw,2.0,0.2641,33.2275
kitti_mini,000015,1,Pedestrian,1,0.0,8.95,near,79.6,386,yaw,2.0,0.3264,34.8475
kitti_mini,000015,2,Pedestrian,0,0.0,24.27,mid,17.9,55,yaw,2.0,0.0,25.5444
kitti_mini,000015,3,Pedestrian,0,0.0,24.44,mid,19.8,70,yaw,2.0,0.0,25.6932
kitti_mini,000015,4,Pedestrian,0,0.0,23.37,mid,23.1,66,yaw,2.0,0.0,25.5756
kitti_mini,000015,0,Car,0,0.89,4.94,near,414.7,5857,yaw,3.0,0.2582,50.13
kitti_mini,000015,1,Pedestrian,1,0.0,8.95,near,79.6,386,yaw,3.0,0.0674,51.7428
kitti_mini,000015,2,Pedestrian,0,0.0,24.27,mid,17.9,55,yaw,3.0,0.0,38.2656
kitti_mini,000015,3,Pedestrian,0,0.0,24.44,mid,19.8,70,yaw,3.0,0.0,38.4689
kitti_mini,000015,4,Pedestrian,0,0.0,23.37,mid,23.1,66,yaw,3.0,0.0,38.4337
kitti_mini,000015,0,Car,0,0.89,4.94,near,414.7,5857,tx,0.0,0.2795,0.0
kitti_mini,000015,1,Pedestrian,1,0.0,8.95,near,79.6,386,tx,0.0,0.9611,0.0
kitti_mini,000015,2,Pedestrian,0,0.0,24.27,mid,17.9,55,tx,0.0,0.8909,0.0
kitti_mini,000015,3,Pedestrian,0,0.0,24.44,mid,19.8,70,tx,0.0,0.8429,0.0
kitti_mini,000015,4,Pedestrian,0,0.0,23.37,mid,23.1,66,tx,0.0,1.0,0.0
kitti_mini,000015,0,Car,0,0.89,4.94,near,414.7,5857,tx,0.02,0.2824,1.7286
kitti_mini,000015,1,Pedestrian,1,0.0,8.95,near,79.6,386,tx,0.02,0.9585,1.1917
kitti_mini,000015,2,Pedestrian,0,0.0,24.27,mid,17.9,55,tx,0.02,0.8909,0.0631
kitti_mini,000015,3,Pedestrian,0,0.0,24.44,mid,19.8,70,tx,0.02,0.8429,0.0799
kitti_mini,000015,4,Pedestrian,0,0.0,23.37,mid,23.1,66,tx,0.02,1.0,0.0516
kitti_mini,000015,0,Car,0,0.89,4.94,near,414.7,5857,tx,0.05,0.2873,4.2909
kitti_mini,000015,1,Pedestrian,1,0.0,8.95,near,79.6,386,tx,0.05,0.9456,2.9674
kitti_mini,000015,2,Pedestrian,0,0.0,24.27,mid,17.9,55,tx,0.05,0.8909,0.1576
kitti_mini,000015,3,Pedestrian,0,0.0,24.44,mid,19.8,70,tx,0.05,0.8429,0.1994
kitti_mini,000015,4,Pedestrian,0,0.0,23.37,mid,23.1,66,tx,0.05,1.0,0.1289
kitti_mini,000015,0,Car,0,0.89,4.94,near,414.7,5857,tx,0.1,0.2959,8.4853
kitti_mini,000015,1,Pedestrian,1,0.0,8.95,near,79.6,386,tx,0.1,0.9119,5.8955
kitti_mini,000015,2,Pedestrian,0,0.0,24.27,mid,17.9,55,tx,0.1,0.8727,0.3146
kitti_mini,000015,3,Pedestrian,0,0.0,24.44,mid,19.8,70,tx,0.1,0.8429,0.3981
kitti_mini,000015,4,Pedestrian,0,0.0,23.37,mid,23.1,66,tx,0.1,1.0,0.2573
kitti_mini,000015,0,Car,0,0.89,4.94,near,414.7,5857,ty,0.0,0.2795,0.0
kitti_mini,000015,1,Pedestrian,1,0.0,8.95,near,79.6,386,ty,0.0,0.9611,0.0
kitti_mini,000015,2,Pedestrian,0,0.0,24.27,mid,17.9,55,ty,0.0,0.8909,0.0
kitti_mini,000015,3,Pedestrian,0,0.0,24.44,mid,19.8,70,ty,0.0,0.8429,0.0
kitti_mini,000015,4,Pedestrian,0,0.0,23.37,mid,23.1,66,ty,0.0,1.0,0.0
kitti_mini,000015,0,Car,0,0.89,4.94,near,414.7,5857,ty,0.02,0.2785,3.3204
kitti_mini,000015,1,Pedestrian,1,0.0,8.95,near,79.6,386,ty,0.02,0.9534,1.9117
kitti_mini,000015,2,Pedestrian,0,0.0,24.27,mid,17.9,55,ty,0.02,0.8727,0.5949
kitti_mini,000015,3,Pedestrian,0,0.0,24.44,mid,19.8,70,ty,0.02,0.8286,0.5943
kitti_mini,000015,4,Pedestrian,0,0.0,23.37,mid,23.1,66,ty,0.02,1.0,0.6165
kitti_mini,000015,0,Car,0,0.89,4.94,near,414.7,5857,ty,0.05,0.2778,8.2921
kitti_mini,000015,1,Pedestrian,1,0.0,8.95,near,79.6,386,ty,0.05,0.9223,4.7791
kitti_mini,000015,2,Pedestrian,0,0.0,24.27,mid,17.9,55,ty,0.05,0.8182,1.4873
kitti_mini,000015,3,Pedestrian,0,0.0,24.44,mid,19.8,70,ty,0.05,0.7714,1.4856
kitti_mini,000015,4,Pedestrian,0,0.0,23.37,mid,23.1,66,ty,0.05,0.9545,1.5414
kitti_mini,000015,0,Car,0,0.89,4.94,near,414.7,5857,ty,0.1,0.2763,16.5674
kitti_mini,000015,1,Pedestrian,1,0.0,8.95,near,79.6,386,ty,0.1,0.8394,9.5578
kitti_mini,000015,2,Pedestrian,0,0.0,24.27,mid,17.9,55,ty,0.1,0.6909,2.9746
kitti_mini,000015,3,Pedestrian,0,0.0,24.44,mid,19.8,70,ty,0.1,0.6857,2.9712
kitti_mini,000015,4,Pedestrian,0,0.0,23.37,mid,23.1,66,ty,0.1,0.9242,3.0827
kitti_mini,000016,0,Car,2,0.0,44.61,far,33.1,24,yaw,0.0,1.0,0.0
kitti_mini,000016,1,Truck,2,0.0,28.06,mid,348.9,1973,yaw,0.0,1.0,0.0
kitti_mini,000016,2,Car,0,0.0,33.45,far,49.4,51,yaw,0.0,1.0,0.0
kitti_mini,000016,3,Car,0,0.5,7.08,near,386.2,2051,yaw,0.0,0.8586,0.0
kitti_mini,000016,4,Car,0,0.0,47.18,far,33.0,10,yaw,0.0,1.0,0.0
kitti_mini,000016,0,Car,2,0.0,44.61,far,33.1,24,yaw,0.5,0.75,6.3804
kitti_mini,000016,1,Truck,2,0.0,28.06,mid,348.9,1973,yaw,0.5,0.9954,7.5079
kitti_mini,000016,2,Car,0,0.0,33.45,far,49.4,51,yaw,0.5,0.902,6.4586
kitti_mini,000016,3,Car,0,0.5,7.08,near,386.2,2051,yaw,0.5,0.8318,8.9012
kitti_mini,000016,4,Car,0,0.0,47.18,far,33.0,10,yaw,0.5,0.8,6.4644
kitti_mini,000016,0,Car,2,0.0,44.61,far,33.1,24,yaw,1.0,0.4583,12.7521
kitti_mini,000016,1,Truck,2,0.0,28.06,mid,348.9,1973,yaw,1.0,0.9792,15.0726
kitti_mini,000016,2,Car,0,0.0,33.45,far,49.4,51,yaw,1.0,0.7451,12.903
kitti_mini,000016,3,Car,0,0.5,7.08,near,386.2,2051,yaw,1.0,0.8006,17.7727
kitti_mini,000016,4,Car,0,0.0,47.18,far,33.0,10,yaw,1.0,0.7,12.9455
kitti_mini,000016,0,Car,2,0.0,44.61,far,33.1,24,yaw,2.0,0.0,25.4735
kitti_mini,000016,1,Truck,2,0.0,28.06,mid,348.9,1973,yaw,2.0,0.9488,30.3798
kitti_mini,000016,2,Car,0,0.0,33.45,far,49.4,51,yaw,2.0,0.4314,25.7535
kitti_mini,000016,3,Car,0,0.5,7.08,near,386.2,2051,yaw,2.0,0.7392,35.3685
kitti_mini,000016,4,Car,0,0.0,47.18,far,33.0,10,yaw,2.0,0.1,25.962
kitti_mini,000016,0,Car,2,0.0,44.61,far,33.1,24,yaw,3.0,0.0,38.1721
kitti_mini,000016,1,Truck,2,0.0,28.06,mid,348.9,1973,yaw,3.0,0.9133,45.9369
kitti_mini,000016,2,Car,0,0.0,33.45,far,49.4,51,yaw,3.0,0.0196,38.5596
kitti_mini,000016,3,Car,0,0.5,7.08,near,386.2,2051,yaw,3.0,0.6811,52.8974
kitti_mini,000016,4,Car,0,0.0,47.18,far,33.0,10,yaw,3.0,0.0,39.0582
kitti_mini,000016,0,Car,2,0.0,44.61,far,33.1,24,tx,0.0,1.0,0.0
kitti_mini,000016,1,Truck,2,0.0,28.06,mid,348.9,1973,tx,0.0,1.0,0.0
kitti_mini,000016,2,Car,0,0.0,33.45,far,49.4,51,tx,0.0,1.0,0.0
kitti_mini,000016,3,Car,0,0.5,7.08,near,386.2,2051,tx,0.0,0.8586,0.0
kitti_mini,000016,4,Car,0,0.0,47.18,far,33.0,10,tx,0.0,1.0,0.0
kitti_mini,000016,0,Car,2,0.0,44.61,far,33.1,24,tx,0.02,1.0,0.03
kitti_mini,000016,1,Truck,2,0.0,28.06,mid,348.9,1973,tx,0.02,1.0,0.2719
kitti_mini,000016,2,Car,0,0.0,33.45,far,49.4,51,tx,0.02,1.0,0.0629
kitti_mini,000016,3,Car,0,0.5,7.08,near,386.2,2051,tx,0.02,0.864,1.664
kitti_mini,000016,4,Car,0,0.0,47.18,far,33.0,10,tx,0.02,1.0,0.0445
kitti_mini,000016,0,Car,2,0.0,44.61,far,33.1,24,tx,0.05,1.0,0.0749
kitti_mini,000016,1,Truck,2,0.0,28.06,mid,348.9,1973,tx,0.05,1.0,0.6789
kitti_mini,000016,2,Car,0,0.0,33.45,far,49.4,51,tx,0.05,1.0,0.157
kitti_mini,000016,3,Car,0,0.5,7.08,near,386.2,2051,tx,0.05,0.8737,4.1368
kitti_mini,000016,4,Car,0,0.0,47.18,far,33.0,10,tx,0.05,1.0,0.1112
kitti_mini,000016,0,Car,2,0.0,44.61,far,33.1,24,tx,0.1,1.0,0.1495
kitti_mini,000016,1,Truck,2,0.0,28.06,mid,348.9,1973,tx,0.1,1.0,1.3547
kitti_mini,000016,2,Car,0,0.0,33.45,far,49.4,51,tx,0.1,1.0,0.3135
kitti_mini,000016,3,Car,0,0.5,7.08,near,386.2,2051,tx,0.1,0.8874,8.1976
kitti_mini,000016,4,Car,0,0.0,47.18,far,33.0,10,tx,0.1,1.0,0.2221
kitti_mini,000016,0,Car,2,0.0,44.61,far,33.1,24,ty,0.0,1.0,0.0
kitti_mini,000016,1,Truck,2,0.0,28.06,mid,348.9,1973,ty,0.0,1.0,0.0
kitti_mini,000016,2,Car,0,0.0,33.45,far,49.4,51,ty,0.0,1.0,0.0
kitti_mini,000016,3,Car,0,0.5,7.08,near,386.2,2051,ty,0.0,0.8586,0.0
kitti_mini,000016,4,Car,0,0.0,47.18,far,33.0,10,ty,0.0,1.0,0.0
kitti_mini,000016,0,Car,2,0.0,44.61,far,33.1,24,ty,0.02,1.0,0.3401
kitti_mini,000016,1,Truck,2,0.0,28.06,mid,348.9,1973,ty,0.02,1.0,0.6512
kitti_mini,000016,2,Car,0,0.0,33.45,far,49.4,51,ty,0.02,1.0,0.4624
kitti_mini,000016,3,Car,0,0.5,7.08,near,386.2,2051,ty,0.02,0.8532,2.6732
kitti_mini,000016,4,Car,0,0.0,47.18,far,33.0,10,ty,0.02,1.0,0.3191
kitti_mini,000016,0,Car,2,0.0,44.61,far,33.1,24,ty,0.05,1.0,0.8503
kitti_mini,000016,1,Truck,2,0.0,28.06,mid,348.9,1973,ty,0.05,1.0,1.6279
kitti_mini,000016,2,Car,0,0.0,33.45,far,49.4,51,ty,0.05,1.0,1.1561
kitti_mini,000016,3,Car,0,0.5,7.08,near,386.2,2051,ty,0.05,0.8415,6.6611
kitti_mini,000016,4,Car,0,0.0,47.18,far,33.0,10,ty,0.05,1.0,0.7977
kitti_mini,000016,0,Car,2,0.0,44.61,far,33.1,24,ty,0.1,1.0,1.7005
kitti_mini,000016,1,Truck,2,0.0,28.06,mid,348.9,1973,ty,0.1,1.0,3.2558
kitti_mini,000016,2,Car,0,0.0,33.45,far,49.4,51,ty,0.1,1.0,2.3122
kitti_mini,000016,3,Car,0,0.5,7.08,near,386.2,2051,ty,0.1,0.8216,13.2531
kitti_mini,000016,4,Car,0,0.0,47.18,far,33.0,10,ty,0.1,1.0,1.5955
kitti_mini,000019,0,Truck,1,0.74,6.31,near,424.7,7634,yaw,0.0,0.6369,0.0
kitti_mini,000019,1,Car,0,0.0,10.13,near,202.1,1236,yaw,0.0,1.0,0.0
kitti_mini,000019,2,Van,0,0.0,35.42,far,44.3,106,yaw,0.0,1.0,0.0
kitti_mini,000019,3,Car,0,0.0,59.71,far,24.4,19,yaw,0.0,1.0,0.0
kitti_mini,000019,0,Truck,1,0.74,6.31,near,424.7,7634,yaw,0.5,0.6242,8.3986
kitti_mini,000019,1,Car,0,0.0,10.13,near,202.1,1236,yaw,0.5,1.0,7.1229
kitti_mini,000019,2,Van,0,0.0,35.42,far,44.3,106,yaw,0.5,0.934,6.3759
kitti_mini,000019,3,Car,0,0.0,59.71,far,24.4,19,yaw,0.5,0.6842,6.3601
kitti_mini,000019,0,Truck,1,0.74,6.31,near,424.7,7634,yaw,1.0,0.6134,16.7858
kitti_mini,000019,1,Car,0,0.0,10.13,near,202.1,1236,yaw,1.0,0.9919,14.2073
kitti_mini,000019,2,Van,0,0.0,35.42,far,44.3,106,yaw,1.0,0.7358,12.745
kitti_mini,000019,3,Car,0,0.0,59.71,far,24.4,19,yaw,1.0,0.3158,12.7287
kitti_mini,000019,0,Truck,1,0.74,6.31,near,424.7,7634,yaw,2.0,0.5878,33.4991
kitti_mini,000019,1,Car,0,0.0,10.13,near,202.1,1236,yaw,2.0,0.9401,28.266
kitti_mini,000019,2,Van,0,0.0,35.42,far,44.3,106,yaw,2.0,0.3962,25.4672
kitti_mini,000019,3,Car,0,0.0,59.71,far,24.4,19,yaw,2.0,0.0,25.4954
kitti_mini,000019,0,Truck,1,0.74,6.31,near,424.7,7634,yaw,3.0,0.561,50.2619
kitti_mini,000019,1,Car,0,0.0,10.13,near,202.1,1236,yaw,3.0,0.8883,42.1873
kitti_mini,000019,2,Van,0,0.0,35.42,far,44.3,106,yaw,3.0,0.1226,38.1744
kitti_mini,000019,3,Car,0,0.0,59.71,far,24.4,19,yaw,3.0,0.0,38.3082
kitti_mini,000019,0,Truck,1,0.74,6.31,near,424.7,7634,tx,0.0,0.6369,0.0
kitti_mini,000019,1,Car,0,0.0,10.13,near,202.1,1236,tx,0.0,1.0,0.0
kitti_mini,000019,2,Van,0,0.0,35.42,far,44.3,106,tx,0.0,1.0,0.0
kitti_mini,000019,3,Car,0,0.0,59.71,far,24.4,19,tx,0.0,1.0,0.0
kitti_mini,000019,0,Truck,1,0.74,6.31,near,424.7,7634,tx,0.02,0.6411,1.7205
kitti_mini,000019,1,Car,0,0.0,10.13,near,202.1,1236,tx,0.02,1.0,0.5855
kitti_mini,000019,2,Van,0,0.0,35.42,far,44.3,106,tx,0.02,1.0,0.0325
kitti_mini,000019,3,Car,0,0.0,59.71,far,24.4,19,tx,0.02,1.0,0.0174
kitti_mini,000019,0,Truck,1,0.74,6.31,near,424.7,7634,tx,0.05,0.6488,4.2734
kitti_mini,000019,1,Car,0,0.0,10.13,near,202.1,1236,tx,0.05,1.0,1.4584
kitti_mini,000019,2,Van,0,0.0,35.42,far,44.3,106,tx,0.05,1.0,0.0811
kitti_mini,000019,3,Car,0,0.0,59.71,far,24.4,19,tx,0.05,1.0,0.0435
kitti_mini,000019,0,Truck,1,0.74,6.31,near,424.7,7634,tx,0.1,0.6585,8.4584
kitti_mini,000019,1,Car,0,0.0,10.13,near,202.1,1236,tx,0.1,1.0,2.8993
kitti_mini,000019,2,Van,0,0.0,35.42,far,44.3,106,tx,0.1,1.0,0.162
kitti_mini,000019,3,Car,0,0.0,59.71,far,24.4,19,tx,0.1,1.0,0.087
kitti_mini,000019,0,Truck,1,0.74,6.31,near,424.7,7634,ty,0.0,0.6369,0.0
kitti_mini,000019,1,Car,0,0.0,10.13,near,202.1,1236,ty,0.0,1.0,0.0
kitti_mini,000019,2,Van,0,0.0,35.42,far,44.3,106,ty,0.0,1.0,0.0
kitti_mini,000019,3,Car,0,0.0,59.71,far,24.4,19,ty,0.0,1.0,0.0
kitti_mini,000019,0,Truck,1,0.74,6.31,near,424.7,7634,ty,0.02,0.633,2.9803
kitti_mini,000019,1,Car,0,0.0,10.13,near,202.1,1236,ty,0.02,1.0,1.7485
kitti_mini,000019,2,Van,0,0.0,35.42,far,44.3,106,ty,0.02,1.0,0.4327
kitti_mini,000019,3,Car,0,0.0,59.71,far,24.4,19,ty,0.02,1.0,0.2497
kitti_mini,000019,0,Truck,1,0.74,6.31,near,424.7,7634,ty,0.05,0.6267,7.4406
kitti_mini,000019,1,Car,0,0.0,10.13,near,202.1,1236,ty,0.05,1.0,4.3712
kitti_mini,000019,2,Van,0,0.0,35.42,far,44.3,106,ty,0.05,1.0,1.0818
kitti_mini,000019,3,Car,0,0.0,59.71,far,24.4,19,ty,0.05,1.0,0.6243
kitti_mini,000019,0,Truck,1,0.74,6.31,near,424.7,7634,ty,0.1,0.6167,14.8617
kitti_mini,000019,1,Car,0,0.0,10.13,near,202.1,1236,ty,0.1,1.0,8.7424
kitti_mini,000019,2,Van,0,0.0,35.42,far,44.3,106,ty,0.1,1.0,2.1636
kitti_mini,000019,3,Car,0,0.0,59.71,far,24.4,19,ty,0.1,1.0,1.2485
kitti_mini,000021,0,Cyclist,0,0.89,4.17,near,184.8,1484,yaw,0.0,0.1186,0.0
kitti_mini,000021,1,Car,0,0.0,13.64,near,156.9,850,yaw,0.0,1.0,0.0
kitti_mini,000021,2,Car,1,0.0,17.78,mid,115.1,238,yaw,0.0,1.0,0.0
kitti_mini,000021,3,Van,1,0.0,23.93,mid,230.5,964,yaw,0.0,1.0,0.0
kitti_mini,000021,4,Car,0,0.0,26.48,mid,66.0,176,yaw,0.0,1.0,0.0
kitti_mini,000021,5,Car,1,0.0,26.88,mid,61.8,113,yaw,0.0,1.0,0.0
kitti_mini,000021,6,Car,2,0.0,32.61,far,55.9,50,yaw,0.0,1.0,0.0
kitti_mini,000021,7,Car,2,0.0,31.8,far,43.6,28,yaw,0.0,1.0,0.0
kitti_mini,000021,0,Cyclist,0,0.89,4.17,near,184.8,1484,yaw,0.5,0.1543,11.1093
kitti_mini,000021,1,Car,0,0.0,13.64,near,156.9,850,yaw,0.5,1.0,6.7945
kitti_mini,000021,2,Car,1,0.0,17.78,mid,115.1,238,yaw,0.5,1.0,6.5073
kitti_mini,000021,3,Van,1,0.0,23.93,mid,230.5,964,yaw,0.5,0.999,7.962
kitti_mini,000021,4,Car,0,0.0,26.48,mid,66.0,176,yaw,0.5,0.9943,6.6303
kitti_mini,000021,5,Car,1,0.0,26.88,mid,61.8,113,yaw,0.5,1.0,6.3873
kitti_mini,000021,6,Car,2,0.0,32.61,far,55.9,50,yaw,0.5,0.94,6.5109
kitti_mini,000021,7,Car,2,0.0,31.8,far,43.6,28,yaw,0.5,1.0,6.3561
kitti_mini,000021,0,Cyclist,0,0.89,4.17,near,184.8,1484,yaw,1.0,0.1846,22.0577
kitti_mini,000021,1,Car,0,0.0,13.64,near,156.9,850,yaw,1.0,0.9941,13.6184
kitti_mini,000021,2,Car,1,0.0,17.78,mid,115.1,238,yaw,1.0,1.0,13.0307
kitti_mini,000021,3,Van,1,0.0,23.93,mid,230.5,964,yaw,1.0,0.9575,15.855
kitti_mini,000021,4,Car,0,0.0,26.48,mid,66.0,176,yaw,1.0,0.9148,13.2374
kitti_mini,000021,5,Car,1,0.0,26.88,mid,61.8,113,yaw,1.0,1.0,12.7816
kitti_mini,000021,6,Car,2,0.0,32.61,far,55.9,50,yaw,1.0,0.8,13.0044
kitti_mini,000021,7,Car,2,0.0,31.8,far,43.6,28,yaw,1.0,1.0,12.7158
kitti_mini,000021,0,Cyclist,0,0.89,4.17,near,184.8,1484,yaw,2.0,0.2561,43.4924
kitti_mini,000021,1,Car,0,0.0,13.64,near,156.9,850,yaw,2.0,0.9282,27.3592
kitti_mini,000021,2,Car,1,0.0,17.78,mid,115.1,238,yaw,2.0,0.9916,26.1286
kitti_mini,000021,3,Van,1,0.0,23.93,mid,230.5,964,yaw,2.0,0.9378,31.4426
kitti_mini,000021,4,Car,0,0.0,26.48,mid,66.0,176,yaw,2.0,0.6932,26.3868
kitti_mini,000021,5,Car,1,0.0,26.88,mid,61.8,113,yaw,2.0,0.7788,25.597
kitti_mini,000021,6,Car,2,0.0,32.61,far,55.9,50,yaw,2.0,0.28,25.9434
kitti_mini,000021,7,Car,2,0.0,31.8,far,43.6,28,yaw,2.0,1.0,25.4504
kitti_mini,000021,0,Cyclist,0,0.89,4.17,near,184.8,1484,yaw,3.0,0.3187,64.3433
kitti_mini,000021,1,Car,0,0.0,13.64,near,156.9,850,yaw,3.0,0.8435,41.2336
kitti_mini,000021,2,Car,1,0.0,17.78,mid,115.1,238,yaw,3.0,0.9538,39.2999
kitti_mini,000021,3,Van,1,0.0,23.93,mid,230.5,964,yaw,3.0,0.86,46.779
kitti_mini,000021,4,Car,0,0.0,26.48,mid,66.0,176,yaw,3.0,0.4375,39.457
kitti_mini,000021,5,Car,1,0.0,26.88,mid,61.8,113,yaw,3.0,0.4513,38.4572
kitti_mini,000021,6,Car,2,0.0,32.61,far,55.9,50,yaw,3.0,0.14,38.8254
kitti_mini,000021,7,Car,2,0.0,31.8,far,43.6,28,yaw,3.0,0.1071,38.2096
kitti_mini,000021,0,Cyclist,0,0.89,4.17,near,184.8,1484,tx,0.0,0.1186,0.0
kitti_mini,000021,1,Car,0,0.0,13.64,near,156.9,850,tx,0.0,1.0,0.0
kitti_mini,000021,2,Car,1,0.0,17.78,mid,115.1,238,tx,0.0,1.0,0.0
kitti_mini,000021,3,Van,1,0.0,23.93,mid,230.5,964,tx,0.0,1.0,0.0
kitti_mini,000021,4,Car,0,0.0,26.48,mid,66.0,176,tx,0.0,1.0,0.0
kitti_mini,000021,5,Car,1,0.0,26.88,mid,61.8,113,tx,0.0,1.0,0.0
kitti_mini,000021,6,Car,2,0.0,32.61,far,55.9,50,tx,0.0,1.0,0.0
kitti_mini,000021,7,Car,2,0.0,31.8,far,43.6,28,tx,0.0,1.0,0.0
kitti_mini,000021,0,Cyclist,0,0.89,4.17,near,184.8,1484,tx,0.02,0.1321,3.7251
kitti_mini,000021,1,Car,0,0.0,13.64,near,156.9,850,tx,0.02,1.0,0.2841
kitti_mini,000021,2,Car,1,0.0,17.78,mid,115.1,238,tx,0.02,1.0,0.11
kitti_mini,000021,3,Van,1,0.0,23.93,mid,230.5,964,tx,0.02,1.0,0.3578
kitti_mini,000021,4,Car,0,0.0,26.48,mid,66.0,176,tx,0.02,1.0,0.1234
kitti_mini,000021,5,Car,1,0.0,26.88,mid,61.8,113,tx,0.02,1.0,0.0344
kitti_mini,000021,6,Car,2,0.0,32.61,far,55.9,50,tx,0.02,1.0,0.0787
kitti_mini,000021,7,Car,2,0.0,31.8,far,43.6,28,tx,0.02,1.0,0.0115
kitti_mini,000021,0,Cyclist,0,0.89,4.17,near,184.8,1484,tx,0.05,0.1509,9.2273
kitti_mini,000021,1,Car,0,0.0,13.64,near,156.9,850,tx,0.05,1.0,0.7085
kitti_mini,000021,2,Car,1,0.0,17.78,mid,115.1,238,tx,0.05,1.0,0.2745
kitti_mini,000021,3,Van,1,0.0,23.93,mid,230.5,964,tx,0.05,1.0,0.8931
kitti_mini,000021,4,Car,0,0.0,26.48,mid,66.0,176,tx,0.05,1.0,0.3082
kitti_mini,000021,5,Car,1,0.0,26.88,mid,61.8,113,tx,0.05,1.0,0.0858
kitti_mini,000021,6,Car,2,0.0,32.61,far,55.9,50,tx,0.05,1.0,0.1966
kitti_mini,000021,7,Car,2,0.0,31.8,far,43.6,28,tx,0.05,1.0,0.0288
kitti_mini,000021,0,Cyclist,0,0.89,4.17,near,184.8,1484,tx,0.1,0.186,18.1765
kitti_mini,000021,1,Car,0,0.0,13.64,near,156.9,850,tx,0.1,1.0,1.4109
kitti_mini,000021,2,Car,1,0.0,17.78,mid,115.1,238,tx,0.1,1.0,0.5474
kitti_mini,000021,3,Van,1,0.0,23.93,mid,230.5,964,tx,0.1,1.0,1.782
kitti_mini,000021,4,Car,0,0.0,26.48,mid,66.0,176,tx,0.1,1.0,0.6151
kitti_mini,000021,5,Car,1,0.0,26.88,mid,61.8,113,tx,0.1,1.0,0.1713
kitti_mini,000021,6,Car,2,0.0,32.61,far,55.9,50,tx,0.1,1.0,0.3925
kitti_mini,000021,7,Car,2,0.0,31.8,far,43.6,28,tx,0.1,1.0,0.0576
kitti_mini,000021,0,Cyclist,0,0.89,4.17,near,184.8,1484,ty,0.0,0.1186,0.0
kitti_mini,000021,1,Car,0,0.0,13.64,near,156.9,850,ty,0.0,1.0,0.0
kitti_mini,000021,2,Car,1,0.0,17.78,mid,115.1,238,ty,0.0,1.0,0.0
kitti_mini,000021,3,Van,1,0.0,23.93,mid,230.5,964,ty,0.0,1.0,0.0
kitti_mini,000021,4,Car,0,0.0,26.48,mid,66.0,176,ty,0.0,1.0,0.0
kitti_mini,000021,5,Car,1,0.0,26.88,mid,61.8,113,ty,0.0,1.0,0.0
kitti_mini,000021,6,Car,2,0.0,32.61,far,55.9,50,ty,0.0,1.0,0.0
kitti_mini,000021,7,Car,2,0.0,31.8,far,43.6,28,ty,0.0,1.0,0.0
kitti_mini,000021,0,Cyclist,0,0.89,4.17,near,184.8,1484,ty,0.02,0.1341,4.4643
kitti_mini,000021,1,Car,0,0.0,13.64,near,156.9,850,ty,0.02,1.0,1.1849
kitti_mini,000021,2,Car,1,0.0,17.78,mid,115.1,238,ty,0.02,1.0,0.821
kitti_mini,000021,3,Van,1,0.0,23.93,mid,230.5,964,ty,0.02,1.0,0.7069
kitti_mini,000021,4,Car,0,0.0,26.48,mid,66.0,176,ty,0.02,1.0,0.5946
kitti_mini,000021,5,Car,1,0.0,26.88,mid,61.8,113,ty,0.02,1.0,0.572
kitti_mini,000021,6,Car,2,0.0,32.61,far,55.9,50,ty,0.02,1.0,0.4777
kitti_mini,000021,7,Car,2,0.0,31.8,far,43.6,28,ty,0.02,1.0,0.4652
kitti_mini,000021,0,Cyclist,0,0.89,4.17,near,184.8,1484,ty,0.05,0.153,11.1607
kitti_mini,000021,1,Car,0,0.0,13.64,near,156.9,850,ty,0.05,1.0,2.9624
kitti_mini,000021,2,Car,1,0.0,17.78,mid,115.1,238,ty,0.05,1.0,2.0525
kitti_mini,000021,3,Van,1,0.0,23.93,mid,230.5,964,ty,0.05,1.0,1.7673
kitti_mini,000021,4,Car,0,0.0,26.48,mid,66.0,176,ty,0.05,1.0,1.4865
kitti_mini,000021,5,Car,1,0.0,26.88,mid,61.8,113,ty,0.05,1.0,1.4299
kitti_mini,000021,6,Car,2,0.0,32.61,far,55.9,50,ty,0.05,1.0,1.1943
kitti_mini,000021,7,Car,2,0.0,31.8,far,43.6,28,ty,0.05,1.0,1.163
kitti_mini,000021,0,Cyclist,0,0.89,4.17,near,184.8,1484,ty,0.1,0.1833,22.3217
kitti_mini,000021,1,Car,0,0.0,13.64,near,156.9,850,ty,0.1,1.0,5.9247
kitti_mini,000021,2,Car,1,0.0,17.78,mid,115.1,238,ty,0.1,1.0,4.105
kitti_mini,000021,3,Van,1,0.0,23.93,mid,230.5,964,ty,0.1,1.0,3.5346
kitti_mini,000021,4,Car,0,0.0,26.48,mid,66.0,176,ty,0.1,1.0,2.9729
kitti_mini,000021,5,Car,1,0.0,26.88,mid,61.8,113,ty,0.1,1.0,2.8599
kitti_mini,000021,6,Car,2,0.0,32.61,far,55.9,50,ty,0.1,1.0,2.3885
kitti_mini,000021,7,Car,2,0.0,31.8,far,43.6,28,ty,0.1,1.0,2.326
kitti_mini,000023,0,Truck,0,0.0,69.29,far,30.4,74,yaw,0.0,1.0,0.0
kitti_mini,000023,1,Car,0,0.0,57.52,far,39.3,13,yaw,0.0,1.0,0.0
kitti_mini,000023,2,Cyclist,3,0.0,44.99,far,12.9,20,yaw,0.0,1.0,0.0
kitti_mini,000023,0,Truck,0,0.0,69.29,far,30.4,74,yaw,0.5,0.8243,6.3239
kitti_mini,000023,1,Car,0,0.0,57.52,far,39.3,13,yaw,0.5,0.8462,6.9496
kitti_mini,000023,2,Cyclist,3,0.0,44.99,far,12.9,20,yaw,0.5,0.6,6.3981
kitti_mini,000023,0,Truck,0,0.0,69.29,far,30.4,74,yaw,1.0,0.5811,12.6479
kitti_mini,000023,1,Car,0,0.0,57.52,far,39.3,13,yaw,1.0,0.5385,13.938
kitti_mini,000023,2,Cyclist,3,0.0,44.99,far,12.9,20,yaw,1.0,0.0,12.7855
kitti_mini,000023,0,Truck,0,0.0,69.29,far,30.4,74,yaw,2.0,0.1351,25.2989
kitti_mini,000023,1,Car,0,0.0,57.52,far,39.3,13,yaw,2.0,0.0,28.037
kitti_mini,000023,2,Cyclist,3,0.0,44.99,far,12.9,20,yaw,2.0,0.0,25.532
kitti_mini,000023,0,Truck,0,0.0,69.29,far,30.4,74,yaw,3.0,0.0,37.9644
kitti_mini,000023,1,Car,0,0.0,57.52,far,39.3,13,yaw,3.0,0.0,42.3086
kitti_mini,000023,2,Cyclist,3,0.0,44.99,far,12.9,20,yaw,3.0,0.0,38.2478
kitti_mini,000023,0,Truck,0,0.0,69.29,far,30.4,74,tx,0.0,1.0,0.0
kitti_mini,000023,1,Car,0,0.0,57.52,far,39.3,13,tx,0.0,1.0,0.0
kitti_mini,000023,2,Cyclist,3,0.0,44.99,far,12.9,20,tx,0.0,1.0,0.0
kitti_mini,000023,0,Truck,0,0.0,69.29,far,30.4,74,tx,0.02,1.0,0.0042
kitti_mini,000023,1,Car,0,0.0,57.52,far,39.3,13,tx,0.02,1.0,0.0834
kitti_mini,000023,2,Cyclist,3,0.0,44.99,far,12.9,20,tx,0.02,1.0,0.0341
kitti_mini,000023,0,Truck,0,0.0,69.29,far,30.4,74,tx,0.05,1.0,0.0105
kitti_mini,000023,1,Car,0,0.0,57.52,far,39.3,13,tx,0.05,1.0,0.2084
kitti_mini,000023,2,Cyclist,3,0.0,44.99,far,12.9,20,tx,0.05,1.0,0.0852
kitti_mini,000023,0,Truck,0,0.0,69.29,far,30.4,74,tx,0.1,1.0,0.0211
kitti_mini,000023,1,Car,0,0.0,57.52,far,39.3,13,tx,0.1,1.0,0.4163
kitti_mini,000023,2,Cyclist,3,0.0,44.99,far,12.9,20,tx,0.1,1.0,0.1703
kitti_mini,000023,0,Truck,0,0.0,69.29,far,30.4,74,ty,0.0,1.0,0.0
kitti_mini,000023,1,Car,0,0.0,57.52,far,39.3,13,ty,0.0,1.0,0.0
kitti_mini,000023,2,Cyclist,3,0.0,44.99,far,12.9,20,ty,0.0,1.0,0.0
kitti_mini,000023,0,Truck,0,0.0,69.29,far,30.4,74,ty,0.02,1.0,0.2282
kitti_mini,000023,1,Car,0,0.0,57.52,far,39.3,13,ty,0.02,1.0,0.2701
kitti_mini,000023,2,Cyclist,3,0.0,44.99,far,12.9,20,ty,0.02,1.0,0.323
kitti_mini,000023,0,Truck,0,0.0,69.29,far,30.4,74,ty,0.05,1.0,0.5706
kitti_mini,000023,1,Car,0,0.0,57.52,far,39.3,13,ty,0.05,1.0,0.6751
kitti_mini,000023,2,Cyclist,3,0.0,44.99,far,12.9,20,ty,0.05,1.0,0.8074
kitti_mini,000023,0,Truck,0,0.0,69.29,far,30.4,74,ty,0.1,0.973,1.1412
kitti_mini,000023,1,Car,0,0.0,57.52,far,39.3,13,ty,0.1,1.0,1.3503
kitti_mini,000023,2,Cyclist,3,0.0,44.99,far,12.9,20,ty,0.1,1.0,1.6149
kitti_mini,000025,0,Car,3,0.94,3.97,near,344.9,1319,yaw,0.0,0.1046,0.0
kitti_mini,000025,1,Car,0,0.0,10.65,near,185.9,1121,yaw,0.0,1.0,0.0
kitti_mini,000025,2,Car,0,0.0,30.19,far,56.0,61,yaw,0.0,1.0,0.0
kitti_mini,000025,3,Car,0,0.0,17.85,mid,81.2,316,yaw,0.0,1.0,0.0
kitti_mini,000025,4,Cyclist,3,0.0,44.72,far,9.8,21,yaw,0.0,1.0,0.0
kitti_mini,000025,5,Car,1,0.0,22.7,mid,59.2,27,yaw,0.0,1.0,0.0
kitti_mini,000025,0,Car,3,0.94,3.97,near,344.9,1319,yaw,0.5,0.1107,9.2874
kitti_mini,000025,1,Car,0,0.0,10.65,near,185.9,1121,yaw,0.5,0.9973,6.8456
kitti_mini,000025,2,Car,0,0.0,30.19,far,56.0,61,yaw,0.5,0.918,6.3689
kitti_mini,000025,3,Car,0,0.0,17.85,mid,81.2,316,yaw,0.5,0.9873,6.6786
kitti_mini,000025,4,Cyclist,3,0.0,44.72,far,9.8,21,yaw,0.5,0.2381,6.3563
kitti_mini,000025,5,Car,1,0.0,22.7,mid,59.2,27,yaw,0.5,0.5185,6.5371
kitti_mini,000025,0,Car,3,0.94,3.97,near,344.9,1319,yaw,1.0,0.1183,18.4734
kitti_mini,000025,1,Car,0,0.0,10.65,near,185.9,1121,yaw,1.0,0.9768,13.7204
kitti_mini,000025,2,Car,0,0.0,30.19,far,56.0,61,yaw,1.0,0.7869,12.7426
kitti_mini,000025,3,Car,0,0.0,17.85,mid,81.2,316,yaw,1.0,0.9272,13.3333
kitti_mini,000025,4,Cyclist,3,0.0,44.72,far,9.8,21,yaw,1.0,0.0,12.7067
kitti_mini,000025,5,Car,1,0.0,22.7,mid,59.2,27,yaw,1.0,0.0741,13.0568
kitti_mini,000025,0,Car,3,0.94,3.97,near,344.9,1319,yaw,2.0,0.1175,36.5537
kitti_mini,000025,1,Car,0,0.0,10.65,near,185.9,1121,yaw,2.0,0.9054,27.5626
kitti_mini,000025,2,Car,0,0.0,30.19,far,56.0,61,yaw,2.0,0.4098,25.5083
kitti_mini,000025,3,Car,0,0.0,17.85,mid,81.2,316,yaw,2.0,0.7373,26.5755
kitti_mini,000025,4,Cyclist,3,0.0,44.72,far,9.8,21,yaw,2.0,0.0,25.3945
kitti_mini,000025,5,Car,1,0.0,22.7,mid,59.2,27,yaw,2.0,0.0,26.048
kitti_mini,000025,0,Car,3,0.94,3.97,near,344.9,1319,yaw,3.0,0.1213,54.2648
kitti_mini,000025,1,Car,0,0.0,10.65,near,185.9,1121,yaw,3.0,0.8287,41.5374
kitti_mini,000025,2,Car,0,0.0,30.19,far,56.0,61,yaw,3.0,0.1311,38.3051
kitti_mini,000025,3,Car,0,0.0,17.85,mid,81.2,316,yaw,3.0,0.5222,39.7358
kitti_mini,000025,4,Cyclist,3,0.0,44.72,far,9.8,21,yaw,3.0,0.0,38.0713
kitti_mini,000025,5,Car,1,0.0,22.7,mid,59.2,27,yaw,3.0,0.0,38.9822
kitti_mini,000025,0,Car,3,0.94,3.97,near,344.9,1319,tx,0.0,0.1046,0.0
kitti_mini,000025,1,Car,0,0.0,10.65,near,185.9,1121,tx,0.0,1.0,0.0
kitti_mini,000025,2,Car,0,0.0,30.19,far,56.0,61,tx,0.0,1.0,0.0
kitti_mini,000025,3,Car,0,0.0,17.85,mid,81.2,316,tx,0.0,1.0,0.0
kitti_mini,000025,4,Cyclist,3,0.0,44.72,far,9.8,21,tx,0.0,1.0,0.0
kitti_mini,000025,5,Car,1,0.0,22.7,mid,59.2,27,tx,0.0,1.0,0.0
kitti_mini,000025,0,Car,3,0.94,3.97,near,344.9,1319,tx,0.02,0.1077,3.3696
kitti_mini,000025,1,Car,0,0.0,10.65,near,185.9,1121,tx,0.02,1.0,0.3941
kitti_mini,000025,2,Car,0,0.0,30.19,far,56.0,61,tx,0.02,1.0,0.0243
kitti_mini,000025,3,Car,0,0.0,17.85,mid,81.2,316,tx,0.02,1.0,0.1952
kitti_mini,000025,4,Cyclist,3,0.0,44.72,far,9.8,21,tx,0.02,1.0,0.0208
kitti_mini,000025,5,Car,1,0.0,22.7,mid,59.2,27,tx,0.02,1.0,0.116
kitti_mini,000025,0,Car,3,0.94,3.97,near,344.9,1319,tx,0.05,0.1114,8.3377
kitti_mini,000025,1,Car,0,0.0,10.65,near,185.9,1121,tx,0.05,1.0,0.9819
kitti_mini,000025,2,Car,0,0.0,30.19,far,56.0,61,tx,0.05,1.0,0.0607
kitti_mini,000025,3,Car,0,0.0,17.85,mid,81.2,316,tx,0.05,1.0,0.4871
kitti_mini,000025,4,Cyclist,3,0.0,44.72,far,9.8,21,tx,0.05,1.0,0.0519
kitti_mini,000025,5,Car,1,0.0,22.7,mid,59.2,27,tx,0.05,1.0,0.2897
kitti_mini,000025,0,Car,3,0.94,3.97,near,344.9,1319,tx,0.1,0.1266,16.3953
kitti_mini,000025,1,Car,0,0.0,10.65,near,185.9,1121,tx,0.1,1.0,1.9526
kitti_mini,000025,2,Car,0,0.0,30.19,far,56.0,61,tx,0.1,1.0,0.1212
kitti_mini,000025,3,Car,0,0.0,17.85,mid,81.2,316,tx,0.1,1.0,0.9713
kitti_mini,000025,4,Cyclist,3,0.0,44.72,far,9.8,21,tx,0.1,1.0,0.1037
kitti_mini,000025,5,Car,1,0.0,22.7,mid,59.2,27,tx,0.1,1.0,0.578
kitti_mini,000025,0,Car,3,0.94,3.97,near,344.9,1319,ty,0.0,0.1046,0.0
kitti_mini,000025,1,Car,0,0.0,10.65,near,185.9,1121,ty,0.0,1.0,0.0
kitti_mini,000025,2,Car,0,0.0,30.19,far,56.0,61,ty,0.0,1.0,0.0
kitti_mini,000025,3,Car,0,0.0,17.85,mid,81.2,316,ty,0.0,1.0,0.0
kitti_mini,000025,4,Cyclist,3,0.0,44.72,far,9.8,21,ty,0.0,1.0,0.0
kitti_mini,000025,5,Car,1,0.0,22.7,mid,59.2,27,ty,0.0,1.0,0.0
kitti_mini,000025,0,Car,3,0.94,3.97,near,344.9,1319,ty,0.02,0.1069,5.0135
kitti_mini,000025,1,Car,0,0.0,10.65,near,185.9,1121,ty,0.02,1.0,1.6317
kitti_mini,000025,2,Car,0,0.0,30.19,far,56.0,61,ty,0.02,1.0,0.508
kitti_mini,000025,3,Car,0,0.0,17.85,mid,81.2,316,ty,0.02,1.0,0.8807
kitti_mini,000025,4,Cyclist,3,0.0,44.72,far,9.8,21,ty,0.02,1.0,0.3232
kitti_mini,000025,5,Car,1,0.0,22.7,mid,59.2,27,ty,0.02,1.0,0.6839
kitti_mini,000025,0,Car,3,0.94,3.97,near,344.9,1319,ty,0.05,0.1107,12.5337
kitti_mini,000025,1,Car,0,0.0,10.65,near,185.9,1121,ty,0.05,0.9991,4.0793
kitti_mini,000025,2,Car,0,0.0,30.19,far,56.0,61,ty,0.05,1.0,1.27
kitti_mini,000025,3,Car,0,0.0,17.85,mid,81.2,316,ty,0.05,1.0,2.2018
kitti_mini,000025,4,Cyclist,3,0.0,44.72,far,9.8,21,ty,0.05,1.0,0.808
kitti_mini,000025,5,Car,1,0.0,22.7,mid,59.2,27,ty,0.05,1.0,1.7097
kitti_mini,000025,0,Car,3,0.94,3.97,near,344.9,1319,ty,0.1,0.1183,25.0673
kitti_mini,000025,1,Car,0,0.0,10.65,near,185.9,1121,ty,0.1,0.9964,8.1586
kitti_mini,000025,2,Car,0,0.0,30.19,far,56.0,61,ty,0.1,1.0,2.5399
kitti_mini,000025,3,Car,0,0.0,17.85,mid,81.2,316,ty,0.1,1.0,4.4037
kitti_mini,000025,4,Cyclist,3,0.0,44.72,far,9.8,21,ty,0.1,0.9524,1.616
kitti_mini,000025,5,Car,1,0.0,22.7,mid,59.2,27,ty,0.1,0.963,3.4195
kitti_mini,000031,0,Car,0,0.0,12.61,near,155.7,1028,yaw,0.0,1.0,0.0
kitti_mini,000031,1,Car,0,0.0,9.04,near,243.0,1028,yaw,0.0,1.0,0.0
kitti_mini,000031,2,Car,1,0.0,13.46,near,136.8,517,yaw,0.0,1.0,0.0
kitti_mini,000031,3,Truck,2,0.0,22.54,mid,93.9,328,yaw,0.0,1.0,0.0
kitti_mini,000031,4,Car,0,0.0,26.55,mid,52.3,141,yaw,0.0,1.0,0.0
kitti_mini,000031,5,Van,0,0.0,51.93,far,28.4,32,yaw,0.0,1.0,0.0
kitti_mini,000031,0,Car,0,0.0,12.61,near,155.7,1028,yaw,0.5,0.9971,6.9503
kitti_mini,000031,1,Car,0,0.0,9.04,near,243.0,1028,yaw,0.5,1.0,7.6782
kitti_mini,000031,2,Car,1,0.0,13.46,near,136.8,517,yaw,0.5,0.9826,6.7152
kitti_mini,000031,3,Truck,2,0.0,22.54,mid,93.9,328,yaw,0.5,0.9756,6.5408
kitti_mini,000031,4,Car,0,0.0,26.55,mid,52.3,141,yaw,0.5,0.9291,6.4302
kitti_mini,000031,5,Van,0,0.0,51.93,far,28.4,32,yaw,0.5,0.875,6.3378
kitti_mini,000031,0,Car,0,0.0,12.61,near,155.7,1028,yaw,1.0,0.9728,13.9355
kitti_mini,000031,1,Car,0,0.0,9.04,near,243.0,1028,yaw,1.0,0.9893,15.2994
kitti_mini,000031,2,Car,1,0.0,13.46,near,136.8,517,yaw,1.0,0.9497,13.4063
kitti_mini,000031,3,Truck,2,0.0,22.54,mid,93.9,328,yaw,1.0,0.9268,13.1008
kitti_mini,000031,4,Car,0,0.0,26.55,mid,52.3,141,yaw,1.0,0.7801,12.8496
kitti_mini,000031,5,Van,0,0.0,51.93,far,28.4,32,yaw,1.0,0.5938,12.6729
kitti_mini,000031,0,Car,0,0.0,12.61,near,155.7,1028,yaw,2.0,0.8784,28.017
kitti_mini,000031,1,Car,0,0.0,9.04,near,243.0,1028,yaw,2.0,0.9504,30.3779
kitti_mini,000031,2,Car,1,0.0,13.46,near,136.8,517,yaw,2.0,0.8356,26.7203
kitti_mini,000031,3,Truck,2,0.0,22.54,mid,93.9,328,yaw,2.0,0.7774,26.2826
kitti_mini,000031,4,Car,0,0.0,26.55,mid,52.3,141,yaw,2.0,0.4823,25.6604
kitti_mini,000031,5,Van,0,0.0,51.93,far,28.4,32,yaw,2.0,0.0938,25.3384
kitti_mini,000031,0,Car,0,0.0,12.61,near,155.7,1028,yaw,3.0,0.7792,42.2559
kitti_mini,000031,1,Car,0,0.0,9.04,near,243.0,1028,yaw,3.0,0.927,45.2496
kitti_mini,000031,2,Car,1,0.0,13.46,near,136.8,517,yaw,3.0,0.6789,39.9527
kitti_mini,000031,3,Truck,2,0.0,22.54,mid,93.9,328,yaw,3.0,0.6372,39.5538
kitti_mini,000031,4,Car,0,0.0,26.55,mid,52.3,141,yaw,3.0,0.2057,38.4403
kitti_mini,000031,5,Van,0,0.0,51.93,far,28.4,32,yaw,3.0,0.0,38.0052
kitti_mini,000031,0,Car,0,0.0,12.61,near,155.7,1028,tx,0.0,1.0,0.0
kitti_mini,000031,1,Car,0,0.0,9.04,near,243.0,1028,tx,0.0,1.0,0.0
kitti_mini,000031,2,Car,1,0.0,13.46,near,136.8,517,tx,0.0,1.0,0.0
kitti_mini,000031,3,Truck,2,0.0,22.54,mid,93.9,328,tx,0.0,1.0,0.0
kitti_mini,000031,4,Car,0,0.0,26.55,mid,52.3,141,tx,0.0,1.0,0.0
kitti_mini,000031,5,Van,0,0.0,51.93,far,28.4,32,tx,0.0,1.0,0.0
kitti_mini,000031,0,Car,0,0.0,12.61,near,155.7,1028,tx,0.02,1.0,0.3845
kitti_mini,000031,1,Car,0,0.0,9.04,near,243.0,1028,tx,0.02,1.0,0.9046
kitti_mini,000031,2,Car,1,0.0,13.46,near,136.8,517,tx,0.02,1.0,0.2802
kitti_mini,000031,3,Truck,2,0.0,22.54,mid,93.9,328,tx,0.02,1.0,0.1106
kitti_mini,000031,4,Car,0,0.0,26.55,mid,52.3,141,tx,0.02,1.0,0.064
kitti_mini,000031,5,Van,0,0.0,51.93,far,28.4,32,tx,0.02,1.0,0.0115
kitti_mini,000031,0,Car,0,0.0,12.61,near,155.7,1028,tx,0.05,1.0,0.9586
kitti_mini,000031,1,Car,0,0.0,9.04,near,243.0,1028,tx,0.05,1.0,2.2519
kitti_mini,000031,2,Car,1,0.0,13.46,near,136.8,517,tx,0.05,1.0,0.6988
kitti_mini,000031,3,Truck,2,0.0,22.54,mid,93.9,328,tx,0.05,1.0,0.2762
kitti_mini,000031,4,Car,0,0.0,26.55,mid,52.3,141,tx,0.05,1.0,0.1599
kitti_mini,000031,5,Van,0,0.0,51.93,far,28.4,32,tx,0.05,1.0,0.0288
kitti_mini,000031,0,Car,0,0.0,12.61,near,155.7,1028,tx,0.1,1.0,1.9084
kitti_mini,000031,1,Car,0,0.0,9.04,near,243.0,1028,tx,0.1,1.0,4.4722
kitti_mini,000031,2,Car,1,0.0,13.46,near,136.8,517,tx,0.1,1.0,1.3918
kitti_mini,000031,3,Truck,2,0.0,22.54,mid,93.9,328,tx,0.1,1.0,0.5512
kitti_mini,000031,4,Car,0,0.0,26.55,mid,52.3,141,tx,0.1,1.0,0.3191
kitti_mini,000031,5,Van,0,0.0,51.93,far,28.4,32,tx,0.1,1.0,0.0576
kitti_mini,000031,0,Car,0,0.0,12.61,near,155.7,1028,ty,0.0,1.0,0.0
kitti_mini,000031,1,Car,0,0.0,9.04,near,243.0,1028,ty,0.0,1.0,0.0
kitti_mini,000031,2,Car,1,0.0,13.46,near,136.8,517,ty,0.0,1.0,0.0
kitti_mini,000031,3,Truck,2,0.0,22.54,mid,93.9,328,ty,0.0,1.0,0.0
kitti_mini,000031,4,Car,0,0.0,26.55,mid,52.3,141,ty,0.0,1.0,0.0
kitti_mini,000031,5,Van,0,0.0,51.93,far,28.4,32,ty,0.0,1.0,0.0
kitti_mini,000031,0,Car,0,0.0,12.61,near,155.7,1028,ty,0.02,1.0,1.3569
kitti_mini,000031,1,Car,0,0.0,9.04,near,243.0,1028,ty,0.02,1.0,2.0259
kitti_mini,000031,2,Car,1,0.0,13.46,near,136.8,517,ty,0.02,1.0,1.218
kitti_mini,000031,3,Truck,2,0.0,22.54,mid,93.9,328,ty,0.02,1.0,0.6837
kitti_mini,000031,4,Car,0,0.0,26.55,mid,52.3,141,ty,0.02,1.0,0.5839
kitti_mini,000031,5,Van,0,0.0,51.93,far,28.4,32,ty,0.02,1.0,0.2894
kitti_mini,000031,0,Car,0,0.0,12.61,near,155.7,1028,ty,0.05,1.0,3.3922
kitti_mini,000031,1,Car,0,0.0,9.04,near,243.0,1028,ty,0.05,1.0,5.0647
kitti_mini,000031,2,Car,1,0.0,13.46,near,136.8,517,ty,0.05,0.9981,3.0449
kitti_mini,000031,3,Truck,2,0.0,22.54,mid,93.9,328,ty,0.05,1.0,1.7092
kitti_mini,000031,4,Car,0,0.0,26.55,mid,52.3,141,ty,0.05,1.0,1.4599
kitti_mini,000031,5,Van,0,0.0,51.93,far,28.4,32,ty,0.05,1.0,0.7235
kitti_mini,000031,0,Car,0,0.0,12.61,near,155.7,1028,ty,0.1,0.9971,6.7845
kitti_mini,000031,1,Car,0,0.0,9.04,near,243.0,1028,ty,0.1,1.0,10.1293
kitti_mini,000031,2,Car,1,0.0,13.46,near,136.8,517,ty,0.1,0.9884,6.0899
kitti_mini,000031,3,Truck,2,0.0,22.54,mid,93.9,328,ty,0.1,0.997,3.4184
kitti_mini,000031,4,Car,0,0.0,26.55,mid,52.3,141,ty,0.1,0.9929,2.9197
kitti_mini,000031,5,Van,0,0.0,51.93,far,28.4,32,ty,0.1,1.0,1.447
kitti_mini,000032,0,Car,0,0.0,9.65,near,257.4,1435,yaw,0.0,1.0,0.0
kitti_mini,000032,1,Car,0,0.0,9.14,near,238.2,1352,yaw,0.0,0.9985,0.0
kitti_mini,000032,2,Van,1,0.0,14.81,near,148.5,803,yaw,0.0,1.0,0.0
kitti_mini,000032,3,Car,1,0.0,13.81,near,151.5,410,yaw,0.0,1.0,0.0
kitti_mini,000032,4,Car,2,0.0,20.17,mid,68.3,71,yaw,0.0,1.0,0.0
kitti_mini,000032,5,Van,2,0.0,25.41,mid,249.0,584,yaw,0.0,1.0,0.0
kitti_mini,000032,6,Car,2,0.0,25.84,mid,81.2,75,yaw,0.0,1.0,0.0
kitti_mini,000032,7,Van,0,0.0,44.72,far,32.1,64,yaw,0.0,1.0,0.0
kitti_mini,000032,8,Van,2,0.0,41.09,far,136.4,154,yaw,0.0,1.0,0.0
kitti_mini,000032,9,Car,0,0.0,45.15,far,36.8,39,yaw,0.0,1.0,0.0
kitti_mini,000032,0,Car,0,0.0,9.65,near,257.4,1435,yaw,0.5,1.0,7.5051
kitti_mini,000032,1,Car,0,0.0,9.14,near,238.2,1352,yaw,0.5,1.0,7.4787
kitti_mini,000032,2,Van,1,0.0,14.81,near,148.5,803,yaw,0.5,1.0,6.8233
kitti_mini,000032,3,Car,1,0.0,13.81,near,151.5,410,yaw,0.5,1.0,6.7256
kitti_mini,000032,4,Car,2,0.0,20.17,mid,68.3,71,yaw,0.5,0.831,6.5446
kitti_mini,000032,5,Van,2,0.0,25.41,mid,249.0,584,yaw,0.5,1.0,7.6814
kitti_mini,000032,6,Car,2,0.0,25.84,mid,81.2,75,yaw,0.5,1.0,6.6525
kitti_mini,000032,7,Van,0,0.0,44.72,far,32.1,64,yaw,0.5,0.9062,6.3401
kitti_mini,000032,8,Van,2,0.0,41.09,far,136.4,154,yaw,0.5,0.9935,6.8691
kitti_mini,000032,9,Car,0,0.0,45.15,far,36.8,39,yaw,0.5,0.8718,6.4633
kitti_mini,000032,0,Car,0,0.0,9.65,near,257.4,1435,yaw,1.0,1.0,15.0637
kitti_mini,000032,1,Car,0,0.0,9.14,near,238.2,1352,yaw,1.0,0.9867,14.907
kitti_mini,000032,2,Van,1,0.0,14.81,near,148.5,803,yaw,1.0,1.0,13.6771
kitti_mini,000032,3,Car,1,0.0,13.81,near,151.5,410,yaw,1.0,0.9634,13.4268
kitti_mini,000032,4,Car,2,0.0,20.17,mid,68.3,71,yaw,1.0,0.6479,13.0718
kitti_mini,000032,5,Van,2,0.0,25.41,mid,249.0,584,yaw,1.0,1.0,15.4252
kitti_mini,000032,6,Car,2,0.0,25.84,mid,81.2,75,yaw,1.0,0.9733,13.2808
kitti_mini,000032,7,Van,0,0.0,44.72,far,32.1,64,yaw,1.0,0.6719,12.678
kitti_mini,000032,8,Van,2,0.0,41.09,far,136.4,154,yaw,1.0,0.8766,13.7039
kitti_mini,000032,9,Car,0,0.0,45.15,far,36.8,39,yaw,1.0,0.641,12.9431
kitti_mini,000032,0,Car,0,0.0,9.65,near,257.4,1435,yaw,2.0,0.9895,30.3522
kitti_mini,000032,1,Car,0,0.0,9.14,near,238.2,1352,yaw,2.0,0.9423,29.6189
kitti_mini,000032,2,Van,1,0.0,14.81,near,148.5,803,yaw,2.0,0.9813,27.4811
kitti_mini,000032,3,Car,1,0.0,13.81,near,151.5,410,yaw,2.0,0.8585,26.7609
kitti_mini,000032,4,Car,2,0.0,20.17,mid,68.3,71,yaw,2.0,0.2535,26.0783
kitti_mini,000032,5,Van,2,0.0,25.41,mid,249.0,584,yaw,2.0,1.0,31.108
kitti_mini,000032,6,Car,2,0.0,25.84,mid,81.2,75,yaw,2.0,0.7467,26.4694
kitti_mini,000032,7,Van,0,0.0,44.72,far,32.1,64,yaw,2.0,0.2344,25.3538
kitti_mini,000032,8,Van,2,0.0,41.09,far,136.4,154,yaw,2.0,0.7143,27.2764
kitti_mini,000032,9,Car,0,0.0,45.15,far,36.8,39,yaw,2.0,0.2051,25.9566
kitti_mini,000032,0,Car,0,0.0,9.65,near,257.4,1435,yaw,3.0,0.9491,45.8816
kitti_mini,000032,1,Car,0,0.0,9.14,near,238.2,1352,yaw,3.0,0.8979,44.1489
kitti_mini,000032,2,Van,1,0.0,14.81,near,148.5,803,yaw,3.0,0.939,41.4259
kitti_mini,000032,3,Car,1,0.0,13.81,near,151.5,410,yaw,3.0,0.7268,40.0117
kitti_mini,000032,4,Car,2,0.0,20.17,mid,68.3,71,yaw,3.0,0.1127,39.0281
kitti_mini,000032,5,Van,2,0.0,25.41,mid,249.0,584,yaw,3.0,1.0,47.0649
kitti_mini,000032,6,Car,2,0.0,25.84,mid,81.2,75,yaw,3.0,0.56,39.5748
kitti_mini,000032,7,Van,0,0.0,44.72,far,32.1,64,yaw,3.0,0.0,38.0339
kitti_mini,000032,8,Van,2,0.0,41.09,far,136.4,154,yaw,3.0,0.526,40.7275
kitti_mini,000032,9,Car,0,0.0,45.15,far,36.8,39,yaw,3.0,0.0,39.0491
kitti_mini,000032,0,Car,0,0.0,9.65,near,257.4,1435,tx,0.0,1.0,0.0
kitti_mini,000032,1,Car,0,0.0,9.14,near,238.2,1352,tx,0.0,0.9985,0.0
kitti_mini,000032,2,Van,1,0.0,14.81,near,148.5,803,tx,0.0,1.0,0.0
kitti_mini,000032,3,Car,1,0.0,13.81,near,151.5,410,tx,0.0,1.0,0.0
kitti_mini,000032,4,Car,2,0.0,20.17,mid,68.3,71,tx,0.0,1.0,0.0
kitti_mini,000032,5,Van,2,0.0,25.41,mid,249.0,584,tx,0.0,1.0,0.0
kitti_mini,000032,6,Car,2,0.0,25.84,mid,81.2,75,tx,0.0,1.0,0.0
kitti_mini,000032,7,Van,0,0.0,44.72,far,32.1,64,tx,0.0,1.0,0.0
kitti_mini,000032,8,Van,2,0.0,41.09,far,136.4,154,tx,0.0,1.0,0.0
kitti_mini,000032,9,Car,0,0.0,45.15,far,36.8,39,tx,0.0,1.0,0.0
kitti_mini,000032,0,Car,0,0.0,9.65,near,257.4,1435,tx,0.02,1.0,0.7171
kitti_mini,000032,1,Car,0,0.0,9.14,near,238.2,1352,tx,0.02,1.0,0.821
kitti_mini,000032,2,Van,1,0.0,14.81,near,148.5,803,tx,0.02,1.0,0.2748
kitti_mini,000032,3,Car,1,0.0,13.81,near,151.5,410,tx,0.02,1.0,0.2811
kitti_mini,000032,4,Car,2,0.0,20.17,mid,68.3,71,tx,0.02,1.0,0.128
kitti_mini,000032,5,Van,2,0.0,25.41,mid,249.0,584,tx,0.02,1.0,0.2991
kitti_mini,000032,6,Car,2,0.0,25.84,mid,81.2,75,tx,0.02,1.0,0.1333
kitti_mini,000032,7,Van,0,0.0,44.72,far,32.1,64,tx,0.02,1.0,0.0102
kitti_mini,000032,8,Van,2,0.0,41.09,far,136.4,154,tx,0.02,1.0,0.1118
kitti_mini,000032,9,Car,0,0.0,45.15,far,36.8,39,tx,0.02,1.0,0.0463
kitti_mini,000032,0,Car,0,0.0,9.65,near,257.4,1435,tx,0.05,1.0,1.7865
kitti_mini,000032,1,Car,0,0.0,9.14,near,238.2,1352,tx,0.05,1.0,2.0439
kitti_mini,000032,2,Van,1,0.0,14.81,near,148.5,803,tx,0.05,1.0,0.6854
kitti_mini,000032,3,Car,1,0.0,13.81,near,151.5,410,tx,0.05,1.0,0.701
kitti_mini,000032,4,Car,2,0.0,20.17,mid,68.3,71,tx,0.05,1.0,0.3195
kitti_mini,000032,5,Van,2,0.0,25.41,mid,249.0,584,tx,0.05,1.0,0.7466
kitti_mini,000032,6,Car,2,0.0,25.84,mid,81.2,75,tx,0.05,1.0,0.3327
kitti_mini,000032,7,Van,0,0.0,44.72,far,32.1,64,tx,0.05,1.0,0.0255
kitti_mini,000032,8,Van,2,0.0,41.09,far,136.4,154,tx,0.05,1.0,0.2792
kitti_mini,000032,9,Car,0,0.0,45.15,far,36.8,39,tx,0.05,1.0,0.1157
kitti_mini,000032,0,Car,0,0.0,9.65,near,257.4,1435,tx,0.1,1.0,3.5501
kitti_mini,000032,1,Car,0,0.0,9.14,near,238.2,1352,tx,0.1,1.0,4.0605
kitti_mini,000032,2,Van,1,0.0,14.81,near,148.5,803,tx,0.1,1.0,1.3656
kitti_mini,000032,3,Car,1,0.0,13.81,near,151.5,410,tx,0.1,1.0,1.3964
kitti_mini,000032,4,Car,2,0.0,20.17,mid,68.3,71,tx,0.1,1.0,0.6374
kitti_mini,000032,5,Van,2,0.0,25.41,mid,249.0,584,tx,0.1,1.0,1.4899
kitti_mini,000032,6,Car,2,0.0,25.84,mid,81.2,75,tx,0.1,1.0,0.6641
kitti_mini,000032,7,Van,0,0.0,44.72,far,32.1,64,tx,0.1,1.0,0.0509
kitti_mini,000032,8,Van,2,0.0,41.09,far,136.4,154,tx,0.1,1.0,0.5576
kitti_mini,000032,9,Car,0,0.0,45.15,far,36.8,39,tx,0.1,1.0,0.2311
kitti_mini,000032,0,Car,0,0.0,9.65,near,257.4,1435,ty,0.0,1.0,0.0
kitti_mini,000032,1,Car,0,0.0,9.14,near,238.2,1352,ty,0.0,0.9985,0.0
kitti_mini,000032,2,Van,1,0.0,14.81,near,148.5,803,ty,0.0,1.0,0.0
kitti_mini,000032,3,Car,1,0.0,13.81,near,151.5,410,ty,0.0,1.0,0.0
kitti_mini,000032,4,Car,2,0.0,20.17,mid,68.3,71,ty,0.0,1.0,0.0
kitti_mini,000032,5,Van,2,0.0,25.41,mid,249.0,584,ty,0.0,1.0,0.0
kitti_mini,000032,6,Car,2,0.0,25.84,mid,81.2,75,ty,0.0,1.0,0.0
kitti_mini,000032,7,Van,0,0.0,44.72,far,32.1,64,ty,0.0,1.0,0.0
kitti_mini,000032,8,Van,2,0.0,41.09,far,136.4,154,ty,0.0,1.0,0.0
kitti_mini,000032,9,Car,0,0.0,45.15,far,36.8,39,ty,0.0,1.0,0.0
kitti_mini,000032,0,Car,0,0.0,9.65,near,257.4,1435,ty,0.02,1.0,1.7924
kitti_mini,000032,1,Car,0,0.0,9.14,near,238.2,1352,ty,0.02,0.9985,1.992
kitti_mini,000032,2,Van,1,0.0,14.81,near,148.5,803,ty,0.02,1.0,1.111
kitti_mini,000032,3,Car,1,0.0,13.81,near,151.5,410,ty,0.02,1.0,1.2254
kitti_mini,000032,4,Car,2,0.0,20.17,mid,68.3,71,ty,0.02,1.0,0.7818
kitti_mini,000032,5,Van,2,0.0,25.41,mid,249.0,584,ty,0.02,1.0,0.6637
kitti_mini,000032,6,Car,2,0.0,25.84,mid,81.2,75,ty,0.02,1.0,0.6091
kitti_mini,000032,7,Van,0,0.0,44.72,far,32.1,64,ty,0.02,1.0,0.3374
kitti_mini,000032,8,Van,2,0.0,41.09,far,136.4,154,ty,0.02,1.0,0.3784
kitti_mini,000032,9,Car,0,0.0,45.15,far,36.8,39,ty,0.02,1.0,0.3389
kitti_mini,000032,0,Car,0,0.0,9.65,near,257.4,1435,ty,0.05,1.0,4.4811
kitti_mini,000032,1,Car,0,0.0,9.14,near,238.2,1352,ty,0.05,0.9985,4.98
kitti_mini,000032,2,Van,1,0.0,14.81,near,148.5,803,ty,0.05,1.0,2.7776
kitti_mini,000032,3,Car,1,0.0,13.81,near,151.5,410,ty,0.05,1.0,3.0634
kitti_mini,000032,4,Car,2,0.0,20.17,mid,68.3,71,ty,0.05,1.0,1.9544
kitti_mini,000032,5,Van,2,0.0,25.41,mid,249.0,584,ty,0.05,1.0,1.6593
kitti_mini,000032,6,Car,2,0.0,25.84,mid,81.2,75,ty,0.05,1.0,1.5226
kitti_mini,000032,7,Van,0,0.0,44.72,far,32.1,64,ty,0.05,1.0,0.8435
kitti_mini,000032,8,Van,2,0.0,41.09,far,136.4,154,ty,0.05,1.0,0.9459
kitti_mini,000032,9,Car,0,0.0,45.15,far,36.8,39,ty,0.05,1.0,0.8472
kitti_mini,000032,0,Car,0,0.0,9.65,near,257.4,1435,ty,0.1,1.0,8.9622
kitti_mini,000032,1,Car,0,0.0,9.14,near,238.2,1352,ty,0.1,0.9985,9.9601
kitti_mini,000032,2,Van,1,0.0,14.81,near,148.5,803,ty,0.1,1.0,5.5552
kitti_mini,000032,3,Car,1,0.0,13.81,near,151.5,410,ty,0.1,1.0,6.1268
kitti_mini,000032,4,Car,2,0.0,20.17,mid,68.3,71,ty,0.1,0.9577,3.9088
kitti_mini,000032,5,Van,2,0.0,25.41,mid,249.0,584,ty,0.1,1.0,3.3185
kitti_mini,000032,6,Car,2,0.0,25.84,mid,81.2,75,ty,0.1,1.0,3.0453
kitti_mini,000032,7,Van,0,0.0,44.72,far,32.1,64,ty,0.1,1.0,1.687
kitti_mini,000032,8,Van,2,0.0,41.09,far,136.4,154,ty,0.1,1.0,1.8919
kitti_mini,000032,9,Car,0,0.0,45.15,far,36.8,39,ty,0.1,1.0,1.6944
kitti_mini,000043,0,Pedestrian,0,0.0,12.75,near,30.9,158,yaw,0.0,0.9494,0.0
kitti_mini,000043,1,Pedestrian,0,0.0,12.63,near,32.1,183,yaw,0.0,0.9945,0.0
kitti_mini,000043,2,Pedestrian,0,0.0,20.65,mid,26.4,85,yaw,0.0,1.0,0.0
kitti_mini,000043,3,Pedestrian,0,0.0,20.57,mid,25.9,88,yaw,0.0,0.9773,0.0
kitti_mini,000043,0,Pedestrian,0,0.0,12.75,near,30.9,158,yaw,0.5,0.8671,6.6372
kitti_mini,000043,1,Pedestrian,0,0.0,12.63,near,32.1,183,yaw,0.5,0.8142,6.7459
kitti_mini,000043,2,Pedestrian,0,0.0,20.65,mid,26.4,85,yaw,0.5,0.7882,6.463
kitti_mini,000043,3,Pedestrian,0,0.0,20.57,mid,25.9,88,yaw,0.5,0.75,6.5441
kitti_mini,000043,0,Pedestrian,0,0.0,12.75,near,30.9,158,yaw,1.0,0.557,13.2958
kitti_mini,000043,1,Pedestrian,0,0.0,12.63,near,32.1,183,yaw,1.0,0.5683,13.5187
kitti_mini,000043,2,Pedestrian,0,0.0,20.65,mid,26.4,85,yaw,1.0,0.4235,12.9135
kitti_mini,000043,3,Pedestrian,0,0.0,20.57,mid,25.9,88,yaw,1.0,0.2727,13.0703
kitti_mini,000043,0,Pedestrian,0,0.0,12.75,near,30.9,158,yaw,2.0,0.0633,26.682
kitti_mini,000043,1,Pedestrian,0,0.0,12.63,near,32.1,183,yaw,2.0,0.0328,27.1499
kitti_mini,000043,2,Pedestrian,0,0.0,20.65,mid,26.4,85,yaw,2.0,0.0,25.781
kitti_mini,000043,3,Pedestrian,0,0.0,20.57,mid,25.9,88,yaw,2.0,0.0114,26.073
kitti_mini,000043,0,Pedestrian,0,0.0,12.75,near,30.9,158,yaw,3.0,0.0,40.1681
kitti_mini,000043,1,Pedestrian,0,0.0,12.63,near,32.1,183,yaw,3.0,0.0,40.9036
kitti_mini,000043,2,Pedestrian,0,0.0,20.65,mid,26.4,85,yaw,3.0,0.0,38.6105
kitti_mini,000043,3,Pedestrian,0,0.0,20.57,mid,25.9,88,yaw,3.0,0.0,39.017
kitti_mini,000043,0,Pedestrian,0,0.0,12.75,near,30.9,158,tx,0.0,0.9494,0.0
kitti_mini,000043,1,Pedestrian,0,0.0,12.63,near,32.1,183,tx,0.0,0.9945,0.0
kitti_mini,000043,2,Pedestrian,0,0.0,20.65,mid,26.4,85,tx,0.0,1.0,0.0
kitti_mini,000043,3,Pedestrian,0,0.0,20.57,mid,25.9,88,tx,0.0,0.9773,0.0
kitti_mini,000043,0,Pedestrian,0,0.0,12.75,near,30.9,158,tx,0.02,0.9494,0.2079
kitti_mini,000043,1,Pedestrian,0,0.0,12.63,near,32.1,183,tx,0.02,0.9945,0.2608
kitti_mini,000043,2,Pedestrian,0,0.0,20.65,mid,26.4,85,tx,0.02,1.0,0.0867
kitti_mini,000043,3,Pedestrian,0,0.0,20.57,mid,25.9,88,tx,0.02,0.9773,0.1212
kitti_mini,000043,0,Pedestrian,0,0.0,12.75,near,30.9,158,tx,0.05,0.9557,0.5185
kitti_mini,000043,1,Pedestrian,0,0.0,12.63,near,32.1,183,tx,0.05,1.0,0.6505
kitti_mini,000043,2,Pedestrian,0,0.0,20.65,mid,26.4,85,tx,0.05,1.0,0.2164
kitti_mini,000043,3,Pedestrian,0,0.0,20.57,mid,25.9,88,tx,0.05,0.9773,0.3025
kitti_mini,000043,0,Pedestrian,0,0.0,12.75,near,30.9,158,tx,0.1,0.9494,1.0328
kitti_mini,000043,1,Pedestrian,0,0.0,12.63,near,32.1,183,tx,0.1,1.0,1.2958
kitti_mini,000043,2,Pedestrian,0,0.0,20.65,mid,26.4,85,tx,0.1,1.0,0.4317
kitti_mini,000043,3,Pedestrian,0,0.0,20.57,mid,25.9,88,tx,0.1,0.9886,0.6035
kitti_mini,000043,0,Pedestrian,0,0.0,12.75,near,30.9,158,ty,0.0,0.9494,0.0
kitti_mini,000043,1,Pedestrian,0,0.0,12.63,near,32.1,183,ty,0.0,0.9945,0.0
kitti_mini,000043,2,Pedestrian,0,0.0,20.65,mid,26.4,85,ty,0.0,1.0,0.0
kitti_mini,000043,3,Pedestrian,0,0.0,20.57,mid,25.9,88,ty,0.0,0.9773,0.0
kitti_mini,000043,0,Pedestrian,0,0.0,12.75,near,30.9,158,ty,0.02,0.9557,1.156
kitti_mini,000043,1,Pedestrian,0,0.0,12.63,near,32.1,183,ty,0.02,0.9781,1.1687
kitti_mini,000043,2,Pedestrian,0,0.0,20.65,mid,26.4,85,ty,0.02,1.0,0.7058
kitti_mini,000043,3,Pedestrian,0,0.0,20.57,mid,25.9,88,ty,0.02,0.9886,0.7134
kitti_mini,000043,0,Pedestrian,0,0.0,12.75,near,30.9,158,ty,0.05,0.943,2.89
kitti_mini,000043,1,Pedestrian,0,0.0,12.63,near,32.1,183,ty,0.05,0.9399,2.9218
kitti_mini,000043,2,Pedestrian,0,0.0,20.65,mid,26.4,85,ty,0.05,1.0,1.7645
kitti_mini,000043,3,Pedestrian,0,0.0,20.57,mid,25.9,88,ty,0.05,0.9545,1.7835
kitti_mini,000043,0,Pedestrian,0,0.0,12.75,near,30.9,158,ty,0.1,0.9051,5.78
kitti_mini,000043,1,Pedestrian,0,0.0,12.63,near,32.1,183,ty,0.1,0.8579,5.8436
kitti_mini,000043,2,Pedestrian,0,0.0,20.65,mid,26.4,85,ty,0.1,0.9529,3.5291
kitti_mini,000043,3,Pedestrian,0,0.0,20.57,mid,25.9,88,ty,0.1,0.8977,3.5669
kitti_mini,000048,0,Pedestrian,0,0.0,16.89,mid,28.2,113,yaw,0.0,0.9558,0.0
kitti_mini,000048,1,Pedestrian,0,0.0,17.17,mid,31.2,132,yaw,0.0,0.947,0.0
kitti_mini,000048,2,Pedestrian,0,0.0,16.58,mid,29.3,116,yaw,0.0,0.8276,0.0
kitti_mini,000048,3,Cyclist,0,0.0,30.42,far,21.8,41,yaw,0.0,1.0,0.0
kitti_mini,000048,0,Pedestrian,0,0.0,16.89,mid,28.2,113,yaw,0.5,0.7345,6.4187
kitti_mini,000048,1,Pedestrian,0,0.0,17.17,mid,31.2,132,yaw,0.5,0.7955,6.461
kitti_mini,000048,2,Pedestrian,0,0.0,16.58,mid,29.3,116,yaw,0.5,0.5259,6.6267
kitti_mini,000048,3,Cyclist,0,0.0,30.42,far,21.8,41,yaw,0.5,0.9024,6.3236
kitti_mini,000048,0,Pedestrian,0,0.0,16.89,mid,28.2,113,yaw,1.0,0.3186,12.8278
kitti_mini,000048,1,Pedestrian,0,0.0,17.17,mid,31.2,132,yaw,1.0,0.5227,12.9085
kitti_mini,000048,2,Pedestrian,0,0.0,16.58,mid,29.3,116,yaw,1.0,0.1638,13.2776
kitti_mini,000048,3,Cyclist,0,0.0,30.42,far,21.8,41,yaw,1.0,0.439,12.6466
kitti_mini,000048,0,Pedestrian,0,0.0,16.89,mid,28.2,113,yaw,2.0,0.0177,25.621
kitti_mini,000048,1,Pedestrian,0,0.0,17.17,mid,31.2,132,yaw,2.0,0.0,25.7674
kitti_mini,000048,2,Pedestrian,0,0.0,16.58,mid,29.3,116,yaw,2.0,0.0,26.6564
kitti_mini,000048,3,Cyclist,0,0.0,30.42,far,21.8,41,yaw,2.0,0.0,25.294
kitti_mini,000048,0,Pedestrian,0,0.0,16.89,mid,28.2,113,yaw,3.0,0.0,38.3876
kitti_mini,000048,1,Pedestrian,0,0.0,17.17,mid,31.2,132,yaw,3.0,0.0,38.5843
kitti_mini,000048,2,Pedestrian,0,0.0,16.58,mid,29.3,116,yaw,3.0,0.0,40.1462
kitti_mini,000048,3,Cyclist,0,0.0,30.42,far,21.8,41,yaw,3.0,0.0,37.9487
kitti_mini,000048,0,Pedestrian,0,0.0,16.89,mid,28.2,113,tx,0.0,0.9558,0.0
kitti_mini,000048,1,Pedestrian,0,0.0,17.17,mid,31.2,132,tx,0.0,0.947,0.0
kitti_mini,000048,2,Pedestrian,0,0.0,16.58,mid,29.3,116,tx,0.0,0.8276,0.0
kitti_mini,000048,3,Cyclist,0,0.0,30.42,far,21.8,41,tx,0.0,1.0,0.0
kitti_mini,000048,0,Pedestrian,0,0.0,16.89,mid,28.2,113,tx,0.02,0.9558,0.084
kitti_mini,000048,1,Pedestrian,0,0.0,17.17,mid,31.2,132,tx,0.02,0.947,0.1093
kitti_mini,000048,2,Pedestrian,0,0.0,16.58,mid,29.3,116,tx,0.02,0.8448,0.181
kitti_mini,000048,3,Cyclist,0,0.0,30.42,far,21.8,41,tx,0.02,1.0,0.0092
kitti_mini,000048,0,Pedestrian,0,0.0,16.89,mid,28.2,113,tx,0.05,0.9558,0.2096
kitti_mini,000048,1,Pedestrian,0,0.0,17.17,mid,31.2,132,tx,0.05,0.947,0.2729
kitti_mini,000048,2,Pedestrian,0,0.0,16.58,mid,29.3,116,tx,0.05,0.8534,0.4517
kitti_mini,000048,3,Cyclist,0,0.0,30.42,far,21.8,41,tx,0.05,1.0,0.0231
kitti_mini,000048,0,Pedestrian,0,0.0,16.89,mid,28.2,113,tx,0.1,0.9469,0.418
kitti_mini,000048,1,Pedestrian,0,0.0,17.17,mid,31.2,132,tx,0.1,0.947,0.5441
kitti_mini,000048,2,Pedestrian,0,0.0,16.58,mid,29.3,116,tx,0.1,0.8707,0.9007
kitti_mini,000048,3,Cyclist,0,0.0,30.42,far,21.8,41,tx,0.1,1.0,0.0461
kitti_mini,000048,0,Pedestrian,0,0.0,16.89,mid,28.2,113,ty,0.0,0.9558,0.0
kitti_mini,000048,1,Pedestrian,0,0.0,17.17,mid,31.2,132,ty,0.0,0.947,0.0
kitti_mini,000048,2,Pedestrian,0,0.0,16.58,mid,29.3,116,ty,0.0,0.8276,0.0
kitti_mini,000048,3,Cyclist,0,0.0,30.42,far,21.8,41,ty,0.0,1.0,0.0
kitti_mini,000048,0,Pedestrian,0,0.0,16.89,mid,28.2,113,ty,0.02,0.9115,0.8569
kitti_mini,000048,1,Pedestrian,0,0.0,17.17,mid,31.2,132,ty,0.02,0.9318,0.8496
kitti_mini,000048,2,Pedestrian,0,0.0,16.58,mid,29.3,116,ty,0.02,0.8276,0.8845
kitti_mini,000048,3,Cyclist,0,0.0,30.42,far,21.8,41,ty,0.02,1.0,0.4684
kitti_mini,000048,0,Pedestrian,0,0.0,16.89,mid,28.2,113,ty,0.05,0.9027,2.1421
kitti_mini,000048,1,Pedestrian,0,0.0,17.17,mid,31.2,132,ty,0.05,0.9015,2.1241
kitti_mini,000048,2,Pedestrian,0,0.0,16.58,mid,29.3,116,ty,0.05,0.7845,2.2113
kitti_mini,000048,3,Cyclist,0,0.0,30.42,far,21.8,41,ty,0.05,1.0,1.171
kitti_mini,000048,0,Pedestrian,0,0.0,16.89,mid,28.2,113,ty,0.1,0.823,4.2842
kitti_mini,000048,1,Pedestrian,0,0.0,17.17,mid,31.2,132,ty,0.1,0.8485,4.2481
kitti_mini,000048,2,Pedestrian,0,0.0,16.58,mid,29.3,116,ty,0.1,0.6897,4.4226
kitti_mini,000048,3,Cyclist,0,0.0,30.42,far,21.8,41,ty,0.1,1.0,2.342
kitti_mini,000049,0,Car,0,0.0,21.55,mid,61.8,206,yaw,0.0,1.0,0.0
kitti_mini,000049,1,Car,0,0.0,14.35,near,189.7,930,yaw,0.0,1.0,0.0
kitti_mini,000049,2,Car,2,0.0,22.29,mid,104.7,140,yaw,0.0,1.0,0.0
kitti_mini,000049,3,Car,2,0.0,25.2,mid,101.9,79,yaw,0.0,1.0,0.0
kitti_mini,000049,4,Car,2,0.0,32.78,far,82.5,18,yaw,0.0,1.0,0.0
kitti_mini,000049,5,Van,3,0.0,45.86,far,70.5,79,yaw,0.0,1.0,0.0
kitti_mini,000049,6,Pedestrian,3,0.29,5.46,near,144.3,830,yaw,0.0,0.8313,0.0
kitti_mini,000049,7,Car,1,0.0,10.4,near,259.2,571,yaw,0.0,1.0,0.0
kitti_mini,000049,8,Car,1,0.0,15.44,mid,132.1,432,yaw,0.0,1.0,0.0
kitti_mini,000049,9,Car,2,0.0,20.64,mid,96.6,198,yaw,0.0,1.0,0.0
kitti_mini,000049,10,Pedestrian,0,0.0,32.79,far,16.3,42,yaw,0.0,0.881,0.0
kitti_mini,000049,11,Car,2,0.0,33.25,far,105.5,74,yaw,0.0,1.0,0.0
kitti_mini,000049,12,Car,3,0.07,14.42,near,252.9,437,yaw,0.0,1.0,0.0
kitti_mini,000049,13,Car,1,0.0,19.02,mid,147.9,312,yaw,0.0,1.0,0.0
kitti_mini,000049,16,Van,3,0.0,35.57,far,159.3,261,yaw,0.0,1.0,0.0
kitti_mini,000049,17,Car,3,0.38,22.38,mid,111.6,56,yaw,0.0,0.875,0.0
kitti_mini,000049,0,Car,0,0.0,21.55,mid,61.8,206,yaw,0.5,0.9223,6.3865
kitti_mini,000049,1,Car,0,0.0,14.35,near,189.7,930,yaw,0.5,0.9946,6.9572
kitti_mini,000049,2,Car,2,0.0,22.29,mid,104.7,140,yaw,0.5,1.0,6.5759
kitti_mini,000049,3,Car,2,0.0,25.2,mid,101.9,79,yaw,0.5,1.0,6.4868
kitti_mini,000049,4,Car,2,0.0,32.78,far,82.5,18,yaw,0.5,1.0,6.4137
kitti_mini,000049,5,Van,3,0.0,45.86,far,70.5,79,yaw,0.5,1.0,6.3627
kitti_mini,000049,6,Pedestrian,3,0.29,5.46,near,144.3,830,yaw,0.5,0.8084,8.8801
kitti_mini,000049,7,Car,1,0.0,10.4,near,259.2,571,yaw,0.5,0.9895,7.7427
kitti_mini,000049,8,Car,1,0.0,15.44,mid,132.1,432,yaw,0.5,0.9861,6.8735
kitti_mini,000049,9,Car,2,0.0,20.64,mid,96.6,198,yaw,0.5,0.9848,6.6042
kitti_mini,000049,10,Pedestrian,0,0.0,32.79,far,16.3,42,yaw,0.5,0.5714,6.4413
kitti_mini,000049,11,Car,2,0.0,33.25,far,105.5,74,yaw,0.5,1.0,6.9865
kitti_mini,000049,12,Car,3,0.07,14.42,near,252.9,437,yaw,0.5,1.0,9.4758
kitti_mini,000049,13,Car,1,0.0,19.02,mid,147.9,312,yaw,0.5,1.0,7.7694
kitti_mini,000049,16,Van,3,0.0,35.57,far,159.3,261,yaw,0.5,0.9579,7.8371
kitti_mini,000049,17,Car,3,0.38,22.38,mid,111.6,56,yaw,0.5,0.8571,10.4327
kitti_mini,000049,0,Car,0,0.0,21.55,mid,61.8,206,yaw,1.0,0.801,12.7733
kitti_mini,000049,1,Car,0,0.0,14.35,near,189.7,930,yaw,1.0,0.971,13.9504
kitti_mini,000049,2,Car,2,0.0,22.29,mid,104.7,140,yaw,1.0,1.0,13.1727
kitti_mini,000049,3,Car,2,0.0,25.2,mid,101.9,79,yaw,1.0,1.0,12.9896
kitti_mini,000049,4,Car,2,0.0,32.78,far,82.5,18,yaw,1.0,1.0,12.8391
kitti_mini,000049,5,Van,3,0.0,45.86,far,70.5,79,yaw,1.0,0.962,12.733
kitti_mini,000049,6,Pedestrian,3,0.29,5.46,near,144.3,830,yaw,1.0,0.7819,17.6677
kitti_mini,000049,7,Car,1,0.0,10.4,near,259.2,571,yaw,1.0,0.951,15.4256
kitti_mini,000049,8,Car,1,0.0,15.44,mid,132.1,432,yaw,1.0,0.9398,13.7154
kitti_mini,000049,9,Car,2,0.0,20.64,mid,96.6,198,yaw,1.0,0.8434,13.1876
kitti_mini,000049,10,Pedestrian,0,0.0,32.79,far,16.3,42,yaw,1.0,0.0476,12.8696
kitti_mini,000049,11,Car,2,0.0,33.25,far,105.5,74,yaw,1.0,1.0,13.935
kitti_mini,000049,12,Car,3,0.07,14.42,near,252.9,437,yaw,1.0,1.0,19.0689
kitti_mini,000049,13,Car,1,0.0,19.02,mid,147.9,312,yaw,1.0,1.0,15.6034
kitti_mini,000049,16,Van,3,0.0,35.57,far,159.3,261,yaw,1.0,0.9004,15.6085
kitti_mini,000049,17,Car,3,0.38,22.38,mid,111.6,56,yaw,1.0,0.7321,20.9093
kitti_mini,000049,0,Car,0,0.0,21.55,mid,61.8,206,yaw,2.0,0.5631,25.5485
kitti_mini,000049,1,Car,0,0.0,14.35,near,189.7,930,yaw,2.0,0.9183,28.0506
kitti_mini,000049,2,Car,2,0.0,22.29,mid,104.7,140,yaw,2.0,1.0,26.4338
kitti_mini,000049,3,Car,2,0.0,25.2,mid,101.9,79,yaw,2.0,1.0,26.0479
kitti_mini,000049,4,Car,2,0.0,32.78,far,82.5,18,yaw,2.0,1.0,25.7286
kitti_mini,000049,5,Van,3,0.0,45.86,far,70.5,79,yaw,2.0,0.8734,25.5008
kitti_mini,000049,6,Pedestrian,3,0.29,5.46,near,144.3,830,yaw,2.0,0.6759,34.9772
kitti_mini,000049,7,Car,1,0.0,10.4,near,259.2,571,yaw,2.0,0.8669,30.6199
kitti_mini,000049,8,Car,1,0.0,15.44,mid,132.1,432,yaw,2.0,0.831,27.3098
kitti_mini,000049,9,Car,2,0.0,20.64,mid,96.6,198,yaw,2.0,0.5152,26.2966
kitti_mini,000049,10,Pedestrian,0,0.0,32.79,far,16.3,42,yaw,2.0,0.0,25.691
kitti_mini,000049,11,Car,2,0.0,33.25,far,105.5,74,yaw,2.0,0.9865,27.7228
kitti_mini,000049,12,Car,3,0.07,14.42,near,252.9,437,yaw,2.0,0.9634,38.4803
kitti_mini,000049,13,Car,1,0.0,19.02,mid,147.9,312,yaw,2.0,0.9968,31.4736
kitti_mini,000049,16,Van,3,0.0,35.57,far,159.3,261,yaw,2.0,0.7625,30.9624
kitti_mini,000049,17,Car,3,0.38,22.38,mid,111.6,56,yaw,2.0,0.3571,41.1521
kitti_mini,000049,0,Car,0,0.0,21.55,mid,61.8,206,yaw,3.0,0.3592,38.3285
kitti_mini,000049,1,Car,0,0.0,14.35,near,189.7,930,yaw,3.0,0.857,42.312
kitti_mini,000049,2,Car,2,0.0,22.29,mid,104.7,140,yaw,3.0,0.9857,39.7923
kitti_mini,000049,3,Car,2,0.0,25.2,mid,101.9,79,yaw,3.0,0.962,39.1836
kitti_mini,000049,4,Car,2,0.0,32.78,far,82.5,18,yaw,3.0,1.0,38.6769
kitti_mini,000049,5,Van,3,0.0,45.86,far,70.5,79,yaw,3.0,0.7468,38.3114
kitti_mini,000049,6,Pedestrian,3,0.29,5.46,near,144.3,830,yaw,3.0,0.5253,51.9499
kitti_mini,000049,7,Car,1,0.0,10.4,near,259.2,571,yaw,3.0,0.8126,45.5976
kitti_mini,000049,8,Car,1,0.0,15.44,mid,132.1,432,yaw,3.0,0.6898,40.7932
kitti_mini,000049,9,Car,2,0.0,20.64,mid,96.6,198,yaw,3.0,0.1919,39.336
kitti_mini,000049,10,Pedestrian,0,0.0,32.79,far,16.3,42,yaw,3.0,0.0,38.4726
kitti_mini,000049,11,Car,2,0.0,33.25,far,105.5,74,yaw,3.0,0.8378,41.3743
kitti_mini,000049,12,Car,3,0.07,14.42,near,252.9,437,yaw,3.0,0.881,58.0813
kitti_mini,000049,13,Car,1,0.0,19.02,mid,147.9,312,yaw,3.0,0.9359,47.6277
kitti_mini,000049,16,Van,3,0.0,35.57,far,159.3,261,yaw,3.0,0.6437,46.077
kitti_mini,000049,17,Car,3,0.38,22.38,mid,111.6,56,yaw,3.0,0.1786,61.6717
kitti_mini,000049,0,Car,0,0.0,21.55,mid,61.8,206,tx,0.0,1.0,0.0
kitti_mini,000049,1,Car,0,0.0,14.35,near,189.7,930,tx,0.0,1.0,0.0
kitti_mini,000049,2,Car,2,0.0,22.29,mid,104.7,140,tx,0.0,1.0,0.0
kitti_mini,000049,3,Car,2,0.0,25.2,mid,101.9,79,tx,0.0,1.0,0.0
kitti_mini,000049,4,Car,2,0.0,32.78,far,82.5,18,tx,0.0,1.0,0.0
kitti_mini,000049,5,Van,3,0.0,45.86,far,70.5,79,tx,0.0,1.0,0.0
kitti_mini,000049,6,Pedestrian,3,0.29,5.46,near,144.3,830,tx,0.0,0.8313,0.0
kitti_mini,000049,7,Car,1,0.0,10.4,near,259.2,571,tx,0.0,1.0,0.0
kitti_mini,000049,8,Car,1,0.0,15.44,mid,132.1,432,tx,0.0,1.0,0.0
kitti_mini,000049,9,Car,2,0.0,20.64,mid,96.6,198,tx,0.0,1.0,0.0
kitti_mini,000049,10,Pedestrian,0,0.0,32.79,far,16.3,42,tx,0.0,0.881,0.0
kitti_mini,000049,11,Car,2,0.0,33.25,far,105.5,74,tx,0.0,1.0,0.0
kitti_mini,000049,12,Car,3,0.07,14.42,near,252.9,437,tx,0.0,1.0,0.0
kitti_mini,000049,13,Car,1,0.0,19.02,mid,147.9,312,tx,0.0,1.0,0.0
kitti_mini,000049,16,Van,3,0.0,35.57,far,159.3,261,tx,0.0,1.0,0.0
kitti_mini,000049,17,Car,3,0.38,22.38,mid,111.6,56,tx,0.0,0.875,0.0
kitti_mini,000049,0,Car,0,0.0,21.55,mid,61.8,206,tx,0.02,1.0,0.0353
kitti_mini,000049,1,Car,0,0.0,14.35,near,189.7,930,tx,0.02,1.0,0.329
kitti_mini,000049,2,Car,2,0.0,22.29,mid,104.7,140,tx,0.02,1.0,0.119
kitti_mini,000049,3,Car,2,0.0,25.2,mid,101.9,79,tx,0.02,1.0,0.0811
kitti_mini,000049,4,Car,2,0.0,32.78,far,82.5,18,tx,0.02,1.0,0.0437
kitti_mini,000049,5,Van,3,0.0,45.86,far,70.5,79,tx,0.02,1.0,0.0209
kitti_mini,000049,6,Pedestrian,3,0.29,5.46,near,144.3,830,tx,0.02,0.8313,1.936
kitti_mini,000049,7,Car,1,0.0,10.4,near,259.2,571,tx,0.02,1.0,0.8113
kitti_mini,000049,8,Car,1,0.0,15.44,mid,132.1,432,tx,0.02,1.0,0.3032
kitti_mini,000049,9,Car,2,0.0,20.64,mid,96.6,198,tx,0.02,1.0,0.1518
kitti_mini,000049,10,Pedestrian,0,0.0,32.79,far,16.3,42,tx,0.02,0.881,0.0566
kitti_mini,000049,11,Car,2,0.0,33.25,far,105.5,74,tx,0.02,1.0,0.15
kitti_mini,000049,12,Car,3,0.07,14.42,near,252.9,437,tx,0.02,1.0,0.891
kitti_mini,000049,13,Car,1,0.0,19.02,mid,147.9,312,tx,0.02,1.0,0.4012
kitti_mini,000049,16,Van,3,0.0,35.57,far,159.3,261,tx,0.02,1.0,0.2298
kitti_mini,000049,17,Car,3,0.38,22.38,mid,111.6,56,tx,0.02,0.875,0.6564
kitti_mini,000049,0,Car,0,0.0,21.55,mid,61.8,206,tx,0.05,1.0,0.0881
kitti_mini,000049,1,Car,0,0.0,14.35,near,189.7,930,tx,0.05,1.0,0.8205
kitti_mini,000049,2,Car,2,0.0,22.29,mid,104.7,140,tx,0.05,1.0,0.2971
kitti_mini,000049,3,Car,2,0.0,25.2,mid,101.9,79,tx,0.05,1.0,0.2024
kitti_mini,000049,4,Car,2,0.0,32.78,far,82.5,18,tx,0.05,1.0,0.1092
kitti_mini,000049,5,Van,3,0.0,45.86,far,70.5,79,tx,0.05,1.0,0.0522
kitti_mini,000049,6,Pedestrian,3,0.29,5.46,near,144.3,830,tx,0.05,0.8277,4.8093
kitti_mini,000049,7,Car,1,0.0,10.4,near,259.2,571,tx,0.05,1.0,2.021
kitti_mini,000049,8,Car,1,0.0,15.44,mid,132.1,432,tx,0.05,1.0,0.7563
kitti_mini,000049,9,Car,2,0.0,20.64,mid,96.6,198,tx,0.05,1.0,0.3788
kitti_mini,000049,10,Pedestrian,0,0.0,32.79,far,16.3,42,tx,0.05,0.881,0.1415
kitti_mini,000049,11,Car,2,0.0,33.25,far,105.5,74,tx,0.05,1.0,0.3746
kitti_mini,000049,12,Car,3,0.07,14.42,near,252.9,437,tx,0.05,1.0,2.2214
kitti_mini,000049,13,Car,1,0.0,19.02,mid,147.9,312,tx,0.05,1.0,1.0013
kitti_mini,000049,16,Van,3,0.0,35.57,far,159.3,261,tx,0.05,1.0,0.574
kitti_mini,000049,17,Car,3,0.38,22.38,mid,111.6,56,tx,0.05,0.875,1.6381
kitti_mini,000049,0,Car,0,0.0,21.55,mid,61.8,206,tx,0.1,1.0,0.1757
kitti_mini,000049,1,Car,0,0.0,14.35,near,189.7,930,tx,0.1,1.0,1.6345
kitti_mini,000049,2,Car,2,0.0,22.29,mid,104.7,140,tx,0.1,1.0,0.5927
kitti_mini,000049,3,Car,2,0.0,25.2,mid,101.9,79,tx,0.1,1.0,0.404
kitti_mini,000049,4,Car,2,0.0,32.78,far,82.5,18,tx,0.1,1.0,0.2181
kitti_mini,000049,5,Van,3,0.0,45.86,far,70.5,79,tx,0.1,1.0,0.1043
kitti_mini,000049,6,Pedestrian,3,0.29,5.46,near,144.3,830,tx,0.1,0.8181,9.5157
kitti_mini,000049,7,Car,1,0.0,10.4,near,259.2,571,tx,0.1,1.0,4.0177
kitti_mini,000049,8,Car,1,0.0,15.44,mid,132.1,432,tx,0.1,1.0,1.507
kitti_mini,000049,9,Car,2,0.0,20.64,mid,96.6,198,tx,0.1,1.0,0.7556
kitti_mini,000049,10,Pedestrian,0,0.0,32.79,far,16.3,42,tx,0.1,0.881,0.2825
kitti_mini,000049,11,Car,2,0.0,33.25,far,105.5,74,tx,0.1,1.0,0.7479
kitti_mini,000049,12,Car,3,0.07,14.42,near,252.9,437,tx,0.1,1.0,4.4227
kitti_mini,000049,13,Car,1,0.0,19.02,mid,147.9,312,tx,0.1,1.0,1.9965
kitti_mini,000049,16,Van,3,0.0,35.57,far,159.3,261,tx,0.1,1.0,1.1461
kitti_mini,000049,17,Car,3,0.38,22.38,mid,111.6,56,tx,0.1,0.875,3.2666
kitti_mini,000049,0,Car,0,0.0,21.55,mid,61.8,206,ty,0.0,1.0,0.0
kitti_mini,000049,1,Car,0,0.0,14.35,near,189.7,930,ty,0.0,1.0,0.0
kitti_mini,000049,2,Car,2,0.0,22.29,mid,104.7,140,ty,0.0,1.0,0.0
kitti_mini,000049,3,Car,2,0.0,25.2,mid,101.9,79,ty,0.0,1.0,0.0
kitti_mini,000049,4,Car,2,0.0,32.78,far,82.5,18,ty,0.0,1.0,0.0
kitti_mini,000049,5,Van,3,0.0,45.86,far,70.5,79,ty,0.0,1.0,0.0
kitti_mini,000049,6,Pedestrian,3,0.29,5.46,near,144.3,830,ty,0.0,0.8313,0.0
kitti_mini,000049,7,Car,1,0.0,10.4,near,259.2,571,ty,0.0,1.0,0.0
kitti_mini,000049,8,Car,1,0.0,15.44,mid,132.1,432,ty,0.0,1.0,0.0
kitti_mini,000049,9,Car,2,0.0,20.64,mid,96.6,198,ty,0.0,1.0,0.0
kitti_mini,000049,10,Pedestrian,0,0.0,32.79,far,16.3,42,ty,0.0,0.881,0.0
kitti_mini,000049,11,Car,2,0.0,33.25,far,105.5,74,ty,0.0,1.0,0.0
kitti_mini,000049,12,Car,3,0.07,14.42,near,252.9,437,ty,0.0,1.0,0.0
kitti_mini,000049,13,Car,1,0.0,19.02,mid,147.9,312,ty,0.0,1.0,0.0
kitti_mini,000049,16,Van,3,0.0,35.57,far,159.3,261,ty,0.0,1.0,0.0
kitti_mini,000049,17,Car,3,0.38,22.38,mid,111.6,56,ty,0.0,0.875,0.0
kitti_mini,000049,0,Car,0,0.0,21.55,mid,61.8,206,ty,0.02,1.0,0.7215
kitti_mini,000049,1,Car,0,0.0,14.35,near,189.7,930,ty,0.02,1.0,1.1213
kitti_mini,000049,2,Car,2,0.0,22.29,mid,104.7,140,ty,0.02,1.0,0.694
kitti_mini,000049,3,Car,2,0.0,25.2,mid,101.9,79,ty,0.02,1.0,0.6011
kitti_mini,000049,4,Car,2,0.0,32.78,far,82.5,18,ty,0.02,1.0,0.4631
kitti_mini,000049,5,Van,3,0.0,45.86,far,70.5,79,ty,0.02,1.0,0.3246
kitti_mini,000049,6,Pedestrian,3,0.29,5.46,near,144.3,830,ty,0.02,0.8193,3.1256
kitti_mini,000049,7,Car,1,0.0,10.4,near,259.2,571,ty,0.02,1.0,1.7396
kitti_mini,000049,8,Car,1,0.0,15.44,mid,132.1,432,ty,0.02,1.0,1.0757
kitti_mini,000049,9,Car,2,0.0,20.64,mid,96.6,198,ty,0.02,1.0,0.7701
kitti_mini,000049,10,Pedestrian,0,0.0,32.79,far,16.3,42,ty,0.02,0.8571,0.4472
kitti_mini,000049,11,Car,2,0.0,33.25,far,105.5,74,ty,0.02,1.0,0.4636
kitti_mini,000049,12,Car,3,0.07,14.42,near,252.9,437,ty,0.02,1.0,1.3086
kitti_mini,000049,13,Car,1,0.0,19.02,mid,147.9,312,ty,0.02,1.0,0.8687
kitti_mini,000049,16,Van,3,0.0,35.57,far,159.3,261,ty,0.02,1.0,0.4668
kitti_mini,000049,17,Car,3,0.38,22.38,mid,111.6,56,ty,0.02,0.875,0.8175
kitti_mini,000049,0,Car,0,0.0,21.55,mid,61.8,206,ty,0.05,1.0,1.8038
kitti_mini,000049,1,Car,0,0.0,14.35,near,189.7,930,ty,0.05,1.0,2.8032
kitti_mini,000049,2,Car,2,0.0,22.29,mid,104.7,140,ty,0.05,1.0,1.7349
kitti_mini,000049,3,Car,2,0.0,25.2,mid,101.9,79,ty,0.05,1.0,1.5027
kitti_mini,000049,4,Car,2,0.0,32.78,far,82.5,18,ty,0.05,1.0,1.1577
kitti_mini,000049,5,Van,3,0.0,45.86,far,70.5,79,ty,0.05,1.0,0.8116
kitti_mini,000049,6,Pedestrian,3,0.29,5.46,near,144.3,830,ty,0.05,0.8084,7.814
kitti_mini,000049,7,Car,1,0.0,10.4,near,259.2,571,ty,0.05,1.0,4.3489
kitti_mini,000049,8,Car,1,0.0,15.44,mid,132.1,432,ty,0.05,1.0,2.6893
kitti_mini,000049,9,Car,2,0.0,20.64,mid,96.6,198,ty,0.05,1.0,1.9253
kitti_mini,000049,10,Pedestrian,0,0.0,32.79,far,16.3,42,ty,0.05,0.8571,1.118
kitti_mini,000049,11,Car,2,0.0,33.25,far,105.5,74,ty,0.05,1.0,1.1591
kitti_mini,000049,12,Car,3,0.07,14.42,near,252.9,437,ty,0.05,1.0,3.2715
kitti_mini,000049,13,Car,1,0.0,19.02,mid,147.9,312,ty,0.05,1.0,2.1718
kitti_mini,000049,16,Van,3,0.0,35.57,far,159.3,261,ty,0.05,1.0,1.1669
kitti_mini,000049,17,Car,3,0.38,22.38,mid,111.6,56,ty,0.05,0.875,2.0437
kitti_mini,000049,0,Car,0,0.0,21.55,mid,61.8,206,ty,0.1,0.9709,3.6077
kitti_mini,000049,1,Car,0,0.0,14.35,near,189.7,930,ty,0.1,0.9968,5.6065
kitti_mini,000049,2,Car,2,0.0,22.29,mid,104.7,140,ty,0.1,1.0,3.4699
kitti_mini,000049,3,Car,2,0.0,25.2,mid,101.9,79,ty,0.1,1.0,3.0054
kitti_mini,000049,4,Car,2,0.0,32.78,far,82.5,18,ty,0.1,1.0,2.3154
kitti_mini,000049,5,Van,3,0.0,45.86,far,70.5,79,ty,0.1,1.0,1.6232
kitti_mini,000049,6,Pedestrian,3,0.29,5.46,near,144.3,830,ty,0.1,0.7831,15.628
kitti_mini,000049,7,Car,1,0.0,10.4,near,259.2,571,ty,0.1,0.9947,8.6978
kitti_mini,000049,8,Car,1,0.0,15.44,mid,132.1,432,ty,0.1,1.0,5.3787
kitti_mini,000049,9,Car,2,0.0,20.64,mid,96.6,198,ty,0.1,1.0,3.8507
kitti_mini,000049,10,Pedestrian,0,0.0,32.79,far,16.3,42,ty,0.1,0.8333,2.236
kitti_mini,000049,11,Car,2,0.0,33.25,far,105.5,74,ty,0.1,1.0,2.3181
kitti_mini,000049,12,Car,3,0.07,14.42,near,252.9,437,ty,0.1,1.0,6.543
kitti_mini,000049,13,Car,1,0.0,19.02,mid,147.9,312,ty,0.1,1.0,4.3437
kitti_mini,000049,16,Van,3,0.0,35.57,far,159.3,261,ty,0.1,1.0,2.3338
kitti_mini,000049,17,Car,3,0.38,22.38,mid,111.6,56,ty,0.1,0.875,4.0874
kitti_mini,000061,0,Van,3,0.05,18.81,mid,186.7,989,yaw,0.0,1.0,0.0
kitti_mini,000061,1,Car,3,0.79,14.65,near,41.3,441,yaw,0.0,0.2449,0.0
kitti_mini,000061,3,Car,1,0.14,21.15,mid,93.9,145,yaw,0.0,1.0,0.0
kitti_mini,000061,4,Misc,3,0.0,37.18,far,52.7,86,yaw,0.0,1.0,0.0
kitti_mini,000061,5,Van,3,0.0,43.67,far,39.6,14,yaw,0.0,1.0,0.0
kitti_mini,000061,0,Van,3,0.05,18.81,mid,186.7,989,yaw,0.5,0.998,9.8703
kitti_mini,000061,1,Car,3,0.79,14.65,near,41.3,441,yaw,0.5,0.1655,10.7887
kitti_mini,000061,3,Car,1,0.14,21.15,mid,93.9,145,yaw,0.5,1.0,10.1685
kitti_mini,000061,4,Misc,3,0.0,37.18,far,52.7,86,yaw,0.5,0.8953,7.3893
kitti_mini,000061,5,Van,3,0.0,43.67,far,39.6,14,yaw,0.5,0.7857,7.3625
kitti_mini,000061,0,Van,3,0.05,18.81,mid,186.7,989,yaw,1.0,0.9697,19.6144
kitti_mini,000061,1,Car,3,0.79,14.65,near,41.3,441,yaw,1.0,0.0771,21.5639
kitti_mini,000061,3,Car,1,0.14,21.15,mid,93.9,145,yaw,1.0,0.9931,20.4773
kitti_mini,000061,4,Misc,3,0.0,37.18,far,52.7,86,yaw,1.0,0.7326,14.7268
kitti_mini,000061,5,Van,3,0.0,43.67,far,39.6,14,yaw,1.0,0.6429,14.6738
kitti_mini,000061,0,Van,3,0.05,18.81,mid,186.7,989,yaw,2.0,0.8645,38.74
kitti_mini,000061,1,Car,3,0.79,14.65,near,41.3,441,yaw,2.0,0.0,
kitti_mini,000061,3,Car,1,0.14,21.15,mid,93.9,145,yaw,2.0,0.8345,41.3281
kitti_mini,000061,4,Misc,3,0.0,37.18,far,52.7,86,yaw,2.0,0.4767,29.2528
kitti_mini,000061,5,Van,3,0.0,43.67,far,39.6,14,yaw,2.0,0.3571,29.1496
kitti_mini,000061,0,Van,3,0.05,18.81,mid,186.7,989,yaw,3.0,0.7472,57.4061
kitti_mini,000061,1,Car,3,0.79,14.65,near,41.3,441,yaw,3.0,0.0,
kitti_mini,000061,3,Car,1,0.14,21.15,mid,93.9,145,yaw,3.0,0.4483,62.109
kitti_mini,000061,4,Misc,3,0.0,37.18,far,52.7,86,yaw,3.0,0.1628,43.591
kitti_mini,000061,5,Van,3,0.0,43.67,far,39.6,14,yaw,3.0,0.0,43.4401
kitti_mini,000061,0,Van,3,0.05,18.81,mid,186.7,989,tx,0.0,1.0,0.0
kitti_mini,000061,1,Car,3,0.79,14.65,near,41.3,441,tx,0.0,0.2449,0.0
kitti_mini,000061,3,Car,1,0.14,21.15,mid,93.9,145,tx,0.0,1.0,0.0
kitti_mini,000061,4,Misc,3,0.0,37.18,far,52.7,86,tx,0.0,1.0,0.0
kitti_mini,000061,5,Van,3,0.0,43.67,far,39.6,14,tx,0.0,1.0,0.0
kitti_mini,000061,0,Van,3,0.05,18.81,mid,186.7,989,tx,0.02,1.0,0.8279
kitti_mini,000061,1,Car,3,0.79,14.65,near,41.3,441,tx,0.02,0.2562,1.1575
kitti_mini,000061,3,Car,1,0.14,21.15,mid,93.9,145,tx,0.02,1.0,0.6912
kitti_mini,000061,4,Misc,3,0.0,37.18,far,52.7,86,tx,0.02,1.0,0.1762
kitti_mini,000061,5,Van,3,0.0,43.67,far,39.6,14,tx,0.02,1.0,0.1544
kitti_mini,000061,0,Van,3,0.05,18.81,mid,186.7,989,tx,0.05,1.0,2.0649
kitti_mini,000061,1,Car,3,0.79,14.65,near,41.3,441,tx,0.05,0.2721,2.8855
kitti_mini,000061,3,Car,1,0.14,21.15,mid,93.9,145,tx,0.05,1.0,1.7247
kitti_mini,000061,4,Misc,3,0.0,37.18,far,52.7,86,tx,0.05,1.0,0.4401
kitti_mini,000061,5,Van,3,0.0,43.67,far,39.6,14,tx,0.05,1.0,0.3857
kitti_mini,000061,0,Van,3,0.05,18.81,mid,186.7,989,tx,0.1,1.0,4.1141
kitti_mini,000061,1,Car,3,0.79,14.65,near,41.3,441,tx,0.1,0.288,5.7431
kitti_mini,000061,3,Car,1,0.14,21.15,mid,93.9,145,tx,0.1,1.0,3.4386
kitti_mini,000061,4,Misc,3,0.0,37.18,far,52.7,86,tx,0.1,1.0,0.8788
kitti_mini,000061,5,Van,3,0.0,43.67,far,39.6,14,tx,0.1,1.0,0.7703
kitti_mini,000061,0,Van,3,0.05,18.81,mid,186.7,989,ty,0.0,1.0,0.0
kitti_mini,000061,1,Car,3,0.79,14.65,near,41.3,441,ty,0.0,0.2449,0.0
kitti_mini,000061,3,Car,1,0.14,21.15,mid,93.9,145,ty,0.0,1.0,0.0
kitti_mini,000061,4,Misc,3,0.0,37.18,far,52.7,86,ty,0.0,1.0,0.0
kitti_mini,000061,5,Van,3,0.0,43.67,far,39.6,14,ty,0.0,1.0,0.0
kitti_mini,000061,0,Van,3,0.05,18.81,mid,186.7,989,ty,0.02,1.0,1.1051
kitti_mini,000061,1,Car,3,0.79,14.65,near,41.3,441,ty,0.02,0.2336,1.3995
kitti_mini,000061,3,Car,1,0.14,21.15,mid,93.9,145,ty,0.02,1.0,0.8997
kitti_mini,000061,4,Misc,3,0.0,37.18,far,52.7,86,ty,0.02,1.0,0.4302
kitti_mini,000061,5,Van,3,0.0,43.67,far,39.6,14,ty,0.02,1.0,0.3757
kitti_mini,000061,0,Van,3,0.05,18.81,mid,186.7,989,ty,0.05,1.0,2.7627
kitti_mini,000061,1,Car,3,0.79,14.65,near,41.3,441,ty,0.05,0.2177,3.4956
kitti_mini,000061,3,Car,1,0.14,21.15,mid,93.9,145,ty,0.05,1.0,2.2492
kitti_mini,000061,4,Misc,3,0.0,37.18,far,52.7,86,ty,0.05,0.9884,1.0754
kitti_mini,000061,5,Van,3,0.0,43.67,far,39.6,14,ty,0.05,1.0,0.9391
kitti_mini,000061,0,Van,3,0.05,18.81,mid,186.7,989,ty,0.1,1.0,5.5253
kitti_mini,000061,1,Car,3,0.79,14.65,near,41.3,441,ty,0.1,0.1927,6.9733
kitti_mini,000061,3,Car,1,0.14,21.15,mid,93.9,145,ty,0.1,1.0,4.4984
kitti_mini,000061,4,Misc,3,0.0,37.18,far,52.7,86,ty,0.1,0.9884,2.1509
kitti_mini,000061,5,Van,3,0.0,43.67,far,39.6,14,ty,0.1,1.0,1.8783
nuscenes_mini_subset,scene-0103_004,0,Pedestrian,0,0.341,19.83,mid,52.7,11,yaw,0.0,0.9091,0.0
nuscenes_mini_subset,scene-0103_004,5,Pedestrian,0,0.905,16.25,mid,9.4,10,yaw,0.0,0.0,
nuscenes_mini_subset,scene-0103_004,8,Pedestrian,0,0.0,15.63,mid,101.9,16,yaw,0.0,1.0,0.0
nuscenes_mini_subset,scene-0103_004,16,Car,0,0.0,14.34,near,331.8,53,yaw,0.0,1.0,0.0
nuscenes_mini_subset,scene-0103_004,0,Pedestrian,0,0.341,19.83,mid,52.7,11,yaw,0.5,0.2727,15.8359
nuscenes_mini_subset,scene-0103_004,5,Pedestrian,0,0.905,16.25,mid,9.4,10,yaw,0.5,0.0,
nuscenes_mini_subset,scene-0103_004,8,Pedestrian,0,0.0,15.63,mid,101.9,16,yaw,0.5,1.0,15.0591
nuscenes_mini_subset,scene-0103_004,16,Car,0,0.0,14.34,near,331.8,53,yaw,0.5,1.0,12.2579
nuscenes_mini_subset,scene-0103_004,0,Pedestrian,0,0.341,19.83,mid,52.7,11,yaw,1.0,0.0,
nuscenes_mini_subset,scene-0103_004,5,Pedestrian,0,0.905,16.25,mid,9.4,10,yaw,1.0,0.3,
nuscenes_mini_subset,scene-0103_004,8,Pedestrian,0,0.0,15.63,mid,101.9,16,yaw,1.0,0.9375,30.2765
nuscenes_mini_subset,scene-0103_004,16,Car,0,0.0,14.34,near,331.8,53,yaw,1.0,1.0,24.5785
nuscenes_mini_subset,scene-0103_004,0,Pedestrian,0,0.341,19.83,mid,52.7,11,yaw,2.0,0.0,
nuscenes_mini_subset,scene-0103_004,5,Pedestrian,0,0.905,16.25,mid,9.4,10,yaw,2.0,0.1,
nuscenes_mini_subset,scene-0103_004,8,Pedestrian,0,0.0,15.63,mid,101.9,16,yaw,2.0,0.4375,61.2063
nuscenes_mini_subset,scene-0103_004,16,Car,0,0.0,14.34,near,331.8,53,yaw,2.0,0.9623,49.4176
nuscenes_mini_subset,scene-0103_004,0,Pedestrian,0,0.341,19.83,mid,52.7,11,yaw,3.0,0.0,
nuscenes_mini_subset,scene-0103_004,5,Pedestrian,0,0.905,16.25,mid,9.4,10,yaw,3.0,0.0,
nuscenes_mini_subset,scene-0103_004,8,Pedestrian,0,0.0,15.63,mid,101.9,16,yaw,3.0,0.0,92.454
nuscenes_mini_subset,scene-0103_004,16,Car,0,0.0,14.34,near,331.8,53,yaw,3.0,0.8868,74.5395
nuscenes_mini_subset,scene-0103_004,0,Pedestrian,0,0.341,19.83,mid,52.7,11,tx,0.0,0.9091,0.0
nuscenes_mini_subset,scene-0103_004,5,Pedestrian,0,0.905,16.25,mid,9.4,10,tx,0.0,0.0,
nuscenes_mini_subset,scene-0103_004,8,Pedestrian,0,0.0,15.63,mid,101.9,16,tx,0.0,1.0,0.0
nuscenes_mini_subset,scene-0103_004,16,Car,0,0.0,14.34,near,331.8,53,tx,0.0,1.0,0.0
nuscenes_mini_subset,scene-0103_004,0,Pedestrian,0,0.341,19.83,mid,52.7,11,tx,0.02,0.9091,1.494
nuscenes_mini_subset,scene-0103_004,5,Pedestrian,0,0.905,16.25,mid,9.4,10,tx,0.02,0.0,
nuscenes_mini_subset,scene-0103_004,8,Pedestrian,0,0.0,15.63,mid,101.9,16,tx,0.02,1.0,1.8547
nuscenes_mini_subset,scene-0103_004,16,Car,0,0.0,14.34,near,331.8,53,tx,0.02,1.0,2.0521
nuscenes_mini_subset,scene-0103_004,0,Pedestrian,0,0.341,19.83,mid,52.7,11,tx,0.05,0.9091,3.7351
nuscenes_mini_subset,scene-0103_004,5,Pedestrian,0,0.905,16.25,mid,9.4,10,tx,0.05,0.0,
nuscenes_mini_subset,scene-0103_004,8,Pedestrian,0,0.0,15.63,mid,101.9,16,tx,0.05,1.0,4.6369
nuscenes_mini_subset,scene-0103_004,16,Car,0,0.0,14.34,near,331.8,53,tx,0.05,1.0,5.1305
nuscenes_mini_subset,scene-0103_004,0,Pedestrian,0,0.341,19.83,mid,52.7,11,tx,0.1,1.0,7.4706
nuscenes_mini_subset,scene-0103_004,5,Pedestrian,0,0.905,16.25,mid,9.4,10,tx,0.1,0.0,
nuscenes_mini_subset,scene-0103_004,8,Pedestrian,0,0.0,15.63,mid,101.9,16,tx,0.1,1.0,9.2742
nuscenes_mini_subset,scene-0103_004,16,Car,0,0.0,14.34,near,331.8,53,tx,0.1,1.0,10.2615
nuscenes_mini_subset,scene-0103_004,0,Pedestrian,0,0.341,19.83,mid,52.7,11,ty,0.0,0.9091,0.0
nuscenes_mini_subset,scene-0103_004,5,Pedestrian,0,0.905,16.25,mid,9.4,10,ty,0.0,0.0,
nuscenes_mini_subset,scene-0103_004,8,Pedestrian,0,0.0,15.63,mid,101.9,16,ty,0.0,1.0,0.0
nuscenes_mini_subset,scene-0103_004,16,Car,0,0.0,14.34,near,331.8,53,ty,0.0,1.0,0.0
nuscenes_mini_subset,scene-0103_004,0,Pedestrian,0,0.341,19.83,mid,52.7,11,ty,0.02,0.9091,0.9976
nuscenes_mini_subset,scene-0103_004,5,Pedestrian,0,0.905,16.25,mid,9.4,10,ty,0.02,0.0,
nuscenes_mini_subset,scene-0103_004,8,Pedestrian,0,0.0,15.63,mid,101.9,16,ty,0.02,1.0,1.1097
nuscenes_mini_subset,scene-0103_004,16,Car,0,0.0,14.34,near,331.8,53,ty,0.02,1.0,0.5859
nuscenes_mini_subset,scene-0103_004,0,Pedestrian,0,0.341,19.83,mid,52.7,11,ty,0.05,0.9091,2.4894
nuscenes_mini_subset,scene-0103_004,5,Pedestrian,0,0.905,16.25,mid,9.4,10,ty,0.05,0.0,
nuscenes_mini_subset,scene-0103_004,8,Pedestrian,0,0.0,15.63,mid,101.9,16,ty,0.05,1.0,2.7682
nuscenes_mini_subset,scene-0103_004,16,Car,0,0.0,14.34,near,331.8,53,ty,0.05,1.0,1.4614
nuscenes_mini_subset,scene-0103_004,0,Pedestrian,0,0.341,19.83,mid,52.7,11,ty,0.1,0.9091,4.9639
nuscenes_mini_subset,scene-0103_004,5,Pedestrian,0,0.905,16.25,mid,9.4,10,ty,0.1,0.0,
nuscenes_mini_subset,scene-0103_004,8,Pedestrian,0,0.0,15.63,mid,101.9,16,ty,0.1,1.0,5.5159
nuscenes_mini_subset,scene-0103_004,16,Car,0,0.0,14.34,near,331.8,53,ty,0.1,1.0,2.9123
nuscenes_mini_subset,scene-0103_008,4,Car,0,0.995,4.87,near,176.9,1339,yaw,0.0,0.0456,0.0
nuscenes_mini_subset,scene-0103_008,5,Car,0,0.0,17.71,mid,333.6,48,yaw,0.0,1.0,0.0
nuscenes_mini_subset,scene-0103_008,4,Car,0,0.995,4.87,near,176.9,1339,yaw,0.5,0.0388,16.1593
nuscenes_mini_subset,scene-0103_008,5,Car,0,0.0,17.71,mid,333.6,48,yaw,0.5,1.0,13.8608
nuscenes_mini_subset,scene-0103_008,4,Car,0,0.995,4.87,near,176.9,1339,yaw,1.0,0.0314,32.3513
nuscenes_mini_subset,scene-0103_008,5,Car,0,0.0,17.71,mid,333.6,48,yaw,1.0,1.0,27.8422
nuscenes_mini_subset,scene-0103_008,4,Car,0,0.995,4.87,near,176.9,1339,yaw,2.0,0.0194,64.5742
nuscenes_mini_subset,scene-0103_008,5,Car,0,0.0,17.71,mid,333.6,48,yaw,2.0,0.8958,56.1821
nuscenes_mini_subset,scene-0103_008,4,Car,0,0.995,4.87,near,176.9,1339,yaw,3.0,0.0067,96.1848
nuscenes_mini_subset,scene-0103_008,5,Car,0,0.0,17.71,mid,333.6,48,yaw,3.0,0.7917,85.0516
nuscenes_mini_subset,scene-0103_008,4,Car,0,0.995,4.87,near,176.9,1339,tx,0.0,0.0456,0.0
nuscenes_mini_subset,scene-0103_008,5,Car,0,0.0,17.71,mid,333.6,48,tx,0.0,1.0,0.0
nuscenes_mini_subset,scene-0103_008,4,Car,0,0.995,4.87,near,176.9,1339,tx,0.02,0.0471,5.2398
nuscenes_mini_subset,scene-0103_008,5,Car,0,0.0,17.71,mid,333.6,48,tx,0.02,1.0,1.7425
nuscenes_mini_subset,scene-0103_008,4,Car,0,0.995,4.87,near,176.9,1339,tx,0.05,0.05,13.1003
nuscenes_mini_subset,scene-0103_008,5,Car,0,0.0,17.71,mid,333.6,48,tx,0.05,1.0,4.3564
nuscenes_mini_subset,scene-0103_008,4,Car,0,0.995,4.87,near,176.9,1339,tx,0.1,0.0553,26.2037
nuscenes_mini_subset,scene-0103_008,5,Car,0,0.0,17.71,mid,333.6,48,tx,0.1,1.0,8.7131
nuscenes_mini_subset,scene-0103_008,4,Car,0,0.995,4.87,near,176.9,1339,ty,0.0,0.0456,0.0
nuscenes_mini_subset,scene-0103_008,5,Car,0,0.0,17.71,mid,333.6,48,ty,0.0,1.0,0.0
nuscenes_mini_subset,scene-0103_008,4,Car,0,0.995,4.87,near,176.9,1339,ty,0.02,0.0471,3.4084
nuscenes_mini_subset,scene-0103_008,5,Car,0,0.0,17.71,mid,333.6,48,ty,0.02,1.0,0.8505
nuscenes_mini_subset,scene-0103_008,4,Car,0,0.995,4.87,near,176.9,1339,ty,0.05,0.0478,8.4684
nuscenes_mini_subset,scene-0103_008,5,Car,0,0.0,17.71,mid,333.6,48,ty,0.05,1.0,2.1217
nuscenes_mini_subset,scene-0103_008,4,Car,0,0.995,4.87,near,176.9,1339,ty,0.1,0.0545,16.7639
nuscenes_mini_subset,scene-0103_008,5,Car,0,0.0,17.71,mid,333.6,48,ty,0.1,1.0,4.2286
nuscenes_mini_subset,scene-0103_012,0,Car,0,0.0,18.13,mid,423.9,47,yaw,0.0,1.0,0.0
nuscenes_mini_subset,scene-0103_012,7,Car,0,0.0,16.09,mid,279.7,61,yaw,0.0,1.0,0.0
nuscenes_mini_subset,scene-0103_012,10,Car,0,0.0,27.04,mid,126.6,11,yaw,0.0,1.0,0.0
nuscenes_mini_subset,scene-0103_012,0,Car,0,0.0,18.13,mid,423.9,47,yaw,0.5,1.0,12.8894
nuscenes_mini_subset,scene-0103_012,7,Car,0,0.0,16.09,mid,279.7,61,yaw,0.5,1.0,12.3568
nuscenes_mini_subset,scene-0103_012,10,Car,0,0.0,27.04,mid,126.6,11,yaw,0.5,1.0,11.4071
nuscenes_mini_subset,scene-0103_012,0,Car,0,0.0,18.13,mid,423.9,47,yaw,1.0,1.0,25.8668
nuscenes_mini_subset,scene-0103_012,7,Car,0,0.0,16.09,mid,279.7,61,yaw,1.0,0.9836,24.6473
nuscenes_mini_subset,scene-0103_012,10,Car,0,0.0,27.04,mid,126.6,11,yaw,1.0,0.8182,22.8438
nuscenes_mini_subset,scene-0103_012,0,Car,0,0.0,18.13,mid,423.9,47,yaw,2.0,1.0,52.0971
nuscenes_mini_subset,scene-0103_012,7,Car,0,0.0,16.09,mid,279.7,61,yaw,2.0,0.8852,49.0391
nuscenes_mini_subset,scene-0103_012,10,Car,0,0.0,27.04,mid,126.6,11,yaw,2.0,0.7273,45.8138
nuscenes_mini_subset,scene-0103_012,0,Car,0,0.0,18.13,mid,423.9,47,yaw,3.0,0.9574,78.7159
nuscenes_mini_subset,scene-0103_012,7,Car,0,0.0,16.09,mid,279.7,61,yaw,3.0,0.7869,73.1948
nuscenes_mini_subset,scene-0103_012,10,Car,0,0.0,27.04,mid,126.6,11,yaw,3.0,0.4545,68.9258
nuscenes_mini_subset,scene-0103_012,0,Car,0,0.0,18.13,mid,423.9,47,tx,0.0,1.0,0.0
nuscenes_mini_subset,scene-0103_012,7,Car,0,0.0,16.09,mid,279.7,61,tx,0.0,1.0,0.0
nuscenes_mini_subset,scene-0103_012,10,Car,0,0.0,27.04,mid,126.6,11,tx,0.0,1.0,0.0
nuscenes_mini_subset,scene-0103_012,0,Car,0,0.0,18.13,mid,423.9,47,tx,0.02,1.0,1.5188
nuscenes_mini_subset,scene-0103_012,7,Car,0,0.0,16.09,mid,279.7,61,tx,0.02,1.0,1.8641
nuscenes_mini_subset,scene-0103_012,10,Car,0,0.0,27.04,mid,126.6,11,tx,0.02,1.0,1.0107
nuscenes_mini_subset,scene-0103_012,0,Car,0,0.0,18.13,mid,423.9,47,tx,0.05,1.0,3.7971
nuscenes_mini_subset,scene-0103_012,7,Car,0,0.0,16.09,mid,279.7,61,tx,0.05,1.0,4.6603
nuscenes_mini_subset,scene-0103_012,10,Car,0,0.0,27.04,mid,126.6,11,tx,0.05,1.0,2.5267
nuscenes_mini_subset,scene-0103_012,0,Car,0,0.0,18.13,mid,423.9,47,tx,0.1,1.0,7.5945
nuscenes_mini_subset,scene-0103_012,7,Car,0,0.0,16.09,mid,279.7,61,tx,0.1,1.0,9.321
nuscenes_mini_subset,scene-0103_012,10,Car,0,0.0,27.04,mid,126.6,11,tx,0.1,1.0,5.0534
nuscenes_mini_subset,scene-0103_012,0,Car,0,0.0,18.13,mid,423.9,47,ty,0.0,1.0,0.0
nuscenes_mini_subset,scene-0103_012,7,Car,0,0.0,16.09,mid,279.7,61,ty,0.0,1.0,0.0
nuscenes_mini_subset,scene-0103_012,10,Car,0,0.0,27.04,mid,126.6,11,ty,0.0,1.0,0.0
nuscenes_mini_subset,scene-0103_012,0,Car,0,0.0,18.13,mid,423.9,47,ty,0.02,1.0,0.5833
nuscenes_mini_subset,scene-0103_012,7,Car,0,0.0,16.09,mid,279.7,61,ty,0.02,1.0,0.5226
nuscenes_mini_subset,scene-0103_012,10,Car,0,0.0,27.04,mid,126.6,11,ty,0.02,1.0,0.1516
nuscenes_mini_subset,scene-0103_012,0,Car,0,0.0,18.13,mid,423.9,47,ty,0.05,1.0,1.4557
nuscenes_mini_subset,scene-0103_012,7,Car,0,0.0,16.09,mid,279.7,61,ty,0.05,1.0,1.3037
nuscenes_mini_subset,scene-0103_012,10,Car,0,0.0,27.04,mid,126.6,11,ty,0.05,1.0,0.3785
nuscenes_mini_subset,scene-0103_012,0,Car,0,0.0,18.13,mid,423.9,47,ty,0.1,1.0,2.9033
nuscenes_mini_subset,scene-0103_012,7,Car,0,0.0,16.09,mid,279.7,61,ty,0.1,1.0,2.5978
nuscenes_mini_subset,scene-0103_012,10,Car,0,0.0,27.04,mid,126.6,11,ty,0.1,1.0,0.7554
nuscenes_mini_subset,scene-0103_016,1,Car,0,0.0,12.68,near,570.4,146,yaw,0.0,1.0,0.0
nuscenes_mini_subset,scene-0103_016,9,Car,0,0.431,9.92,near,374.9,243,yaw,0.0,0.6584,0.0
nuscenes_mini_subset,scene-0103_016,1,Car,0,0.0,12.68,near,570.4,146,yaw,0.5,0.9932,12.6849
nuscenes_mini_subset,scene-0103_016,9,Car,0,0.431,9.92,near,374.9,243,yaw,0.5,0.6914,14.5088
nuscenes_mini_subset,scene-0103_016,1,Car,0,0.0,12.68,near,570.4,146,yaw,1.0,0.9863,25.4421
nuscenes_mini_subset,scene-0103_016,9,Car,0,0.431,9.92,near,374.9,243,yaw,1.0,0.7284,28.8923
nuscenes_mini_subset,scene-0103_016,1,Car,0,0.0,12.68,near,570.4,146,yaw,2.0,0.9589,51.1844
nuscenes_mini_subset,scene-0103_016,9,Car,0,0.431,9.92,near,374.9,243,yaw,2.0,0.7654,57.2991
nuscenes_mini_subset,scene-0103_016,1,Car,0,0.0,12.68,near,570.4,146,yaw,3.0,0.9178,77.2497
nuscenes_mini_subset,scene-0103_016,9,Car,0,0.431,9.92,near,374.9,243,yaw,3.0,0.7942,85.2512
nuscenes_mini_subset,scene-0103_016,1,Car,0,0.0,12.68,near,570.4,146,tx,0.0,1.0,0.0
nuscenes_mini_subset,scene-0103_016,9,Car,0,0.431,9.92,near,374.9,243,tx,0.0,0.6584,0.0
nuscenes_mini_subset,scene-0103_016,1,Car,0,0.0,12.68,near,570.4,146,tx,0.02,1.0,2.2009
nuscenes_mini_subset,scene-0103_016,9,Car,0,0.431,9.92,near,374.9,243,tx,0.02,0.6502,3.1538
nuscenes_mini_subset,scene-0103_016,1,Car,0,0.0,12.68,near,570.4,146,tx,0.05,1.0,5.5025
nuscenes_mini_subset,scene-0103_016,9,Car,0,0.431,9.92,near,374.9,243,tx,0.05,0.6461,7.8847
nuscenes_mini_subset,scene-0103_016,1,Car,0,0.0,12.68,near,570.4,146,tx,0.1,1.0,11.0055
nuscenes_mini_subset,scene-0103_016,9,Car,0,0.431,9.92,near,374.9,243,tx,0.1,0.6296,15.69
nuscenes_mini_subset,scene-0103_016,1,Car,0,0.0,12.68,near,570.4,146,ty,0.0,1.0,0.0
nuscenes_mini_subset,scene-0103_016,9,Car,0,0.431,9.92,near,374.9,243,ty,0.0,0.6584,0.0
nuscenes_mini_subset,scene-0103_016,1,Car,0,0.0,12.68,near,570.4,146,ty,0.02,1.0,0.7023
nuscenes_mini_subset,scene-0103_016,9,Car,0,0.431,9.92,near,374.9,243,ty,0.02,0.6667,1.527
nuscenes_mini_subset,scene-0103_016,1,Car,0,0.0,12.68,near,570.4,146,ty,0.05,1.0,1.751
nuscenes_mini_subset,scene-0103_016,9,Car,0,0.431,9.92,near,374.9,243,ty,0.05,0.6708,3.8034
nuscenes_mini_subset,scene-0103_016,1,Car,0,0.0,12.68,near,570.4,146,ty,0.1,1.0,3.4866
nuscenes_mini_subset,scene-0103_016,9,Car,0,0.431,9.92,near,374.9,243,ty,0.1,0.6831,7.5606
nuscenes_mini_subset,scene-0103_020,2,Car,0,0.0,17.41,mid,233.0,17,yaw,0.0,1.0,0.0
nuscenes_mini_subset,scene-0103_020,10,Car,0,0.0,37.29,far,68.6,10,yaw,0.0,1.0,0.0
nuscenes_mini_subset,scene-0103_020,12,Car,2,0.0,21.21,mid,269.4,24,yaw,0.0,1.0,0.0
nuscenes_mini_subset,scene-0103_020,15,Car,0,0.93,6.82,near,201.4,661,yaw,0.0,0.0817,0.0
nuscenes_mini_subset,scene-0103_020,21,Car,0,0.0,15.08,mid,408.6,120,yaw,0.0,1.0,0.0
nuscenes_mini_subset,scene-0103_020,2,Car,0,0.0,17.41,mid,233.0,17,yaw,0.5,1.0,11.4694
nuscenes_mini_subset,scene-0103_020,10,Car,0,0.0,37.29,far,68.6,10,yaw,0.5,0.9,11.4755
nuscenes_mini_subset,scene-0103_020,12,Car,2,0.0,21.21,mid,269.4,24,yaw,0.5,1.0,14.0804
nuscenes_mini_subset,scene-0103_020,15,Car,0,0.93,6.82,near,201.4,661,yaw,0.5,0.0938,15.4667
nuscenes_mini_subset,scene-0103_020,21,Car,0,0.0,15.08,mid,408.6,120,yaw,0.5,1.0,12.8716
nuscenes_mini_subset,scene-0103_020,2,Car,0,0.0,17.41,mid,233.0,17,yaw,1.0,1.0,22.9221
nuscenes_mini_subset,scene-0103_020,10,Car,0,0.0,37.29,far,68.6,10,yaw,1.0,0.7,22.9171
nuscenes_mini_subset,scene-0103_020,12,Car,2,0.0,21.21,mid,269.4,24,yaw,1.0,0.9583,28.2864
nuscenes_mini_subset,scene-0103_020,15,Car,0,0.93,6.82,near,201.4,661,yaw,1.0,0.1014,30.7813
nuscenes_mini_subset,scene-0103_020,21,Car,0,0.0,15.08,mid,408.6,120,yaw,1.0,1.0,25.8264
nuscenes_mini_subset,scene-0103_020,2,Car,0,0.0,17.41,mid,233.0,17,yaw,2.0,0.8824,45.7846
nuscenes_mini_subset,scene-0103_020,10,Car,0,0.0,37.29,far,68.6,10,yaw,2.0,0.4,45.7068
nuscenes_mini_subset,scene-0103_020,12,Car,2,0.0,21.21,mid,269.4,24,yaw,2.0,0.75,57.0915
nuscenes_mini_subset,scene-0103_020,15,Car,0,0.93,6.82,near,201.4,661,yaw,2.0,0.121,60.9735
nuscenes_mini_subset,scene-0103_020,21,Car,0,0.0,15.08,mid,408.6,120,yaw,2.0,0.9667,51.9974
nuscenes_mini_subset,scene-0103_020,2,Car,0,0.0,17.41,mid,233.0,17,yaw,3.0,0.8824,68.6024
nuscenes_mini_subset,scene-0103_020,10,Car,0,0.0,37.29,far,68.6,10,yaw,3.0,0.0,68.3841
nuscenes_mini_subset,scene-0103_020,12,Car,2,0.0,21.21,mid,269.4,24,yaw,3.0,0.625,86.4484
nuscenes_mini_subset,scene-0103_020,15,Car,0,0.93,6.82,near,201.4,661,yaw,3.0,0.1271,90.6135
nuscenes_mini_subset,scene-0103_020,21,Car,0,0.0,15.08,mid,408.6,120,yaw,3.0,0.8917,78.5373
nuscenes_mini_subset,scene-0103_020,2,Car,0,0.0,17.41,mid,233.0,17,tx,0.0,1.0,0.0
nuscenes_mini_subset,scene-0103_020,10,Car,0,0.0,37.29,far,68.6,10,tx,0.0,1.0,0.0
nuscenes_mini_subset,scene-0103_020,12,Car,2,0.0,21.21,mid,269.4,24,tx,0.0,1.0,0.0
nuscenes_mini_subset,scene-0103_020,15,Car,0,0.93,6.82,near,201.4,661,tx,0.0,0.0817,0.0
nuscenes_mini_subset,scene-0103_020,21,Car,0,0.0,15.08,mid,408.6,120,tx,0.0,1.0,0.0
nuscenes_mini_subset,scene-0103_020,2,Car,0,0.0,17.41,mid,233.0,17,tx,0.02,1.0,1.6415
nuscenes_mini_subset,scene-0103_020,10,Car,0,0.0,37.29,far,68.6,10,tx,0.02,1.0,0.7135
nuscenes_mini_subset,scene-0103_020,12,Car,2,0.0,21.21,mid,269.4,24,tx,0.02,1.0,1.3778
nuscenes_mini_subset,scene-0103_020,15,Car,0,0.93,6.82,near,201.4,661,tx,0.02,0.0802,3.944
nuscenes_mini_subset,scene-0103_020,21,Car,0,0.0,15.08,mid,408.6,120,tx,0.02,1.0,1.8751
nuscenes_mini_subset,scene-0103_020,2,Car,0,0.0,17.41,mid,233.0,17,tx,0.05,1.0,4.1039
nuscenes_mini_subset,scene-0103_020,10,Car,0,0.0,37.29,far,68.6,10,tx,0.05,1.0,1.7837
nuscenes_mini_subset,scene-0103_020,12,Car,2,0.0,21.21,mid,269.4,24,tx,0.05,1.0,3.4445
nuscenes_mini_subset,scene-0103_020,15,Car,0,0.93,6.82,near,201.4,661,tx,0.05,0.0741,9.8242
nuscenes_mini_subset,scene-0103_020,21,Car,0,0.0,15.08,mid,408.6,120,tx,0.05,1.0,4.688
nuscenes_mini_subset,scene-0103_020,2,Car,0,0.0,17.41,mid,233.0,17,tx,0.1,1.0,8.208
nuscenes_mini_subset,scene-0103_020,10,Car,0,0.0,37.29,far,68.6,10,tx,0.1,1.0,3.5674
nuscenes_mini_subset,scene-0103_020,12,Car,2,0.0,21.21,mid,269.4,24,tx,0.1,1.0,6.8892
nuscenes_mini_subset,scene-0103_020,15,Car,0,0.93,6.82,near,201.4,661,tx,0.1,0.0696,19.3726
nuscenes_mini_subset,scene-0103_020,21,Car,0,0.0,15.08,mid,408.6,120,tx,0.1,1.0,9.3763
nuscenes_mini_subset,scene-0103_020,2,Car,0,0.0,17.41,mid,233.0,17,ty,0.0,1.0,0.0
nuscenes_mini_subset,scene-0103_020,10,Car,0,0.0,37.29,far,68.6,10,ty,0.0,1.0,0.0
nuscenes_mini_subset,scene-0103_020,12,Car,2,0.0,21.21,mid,269.4,24,ty,0.0,1.0,0.0
nuscenes_mini_subset,scene-0103_020,15,Car,0,0.93,6.82,near,201.4,661,ty,0.0,0.0817,0.0
nuscenes_mini_subset,scene-0103_020,21,Car,0,0.0,15.08,mid,408.6,120,ty,0.0,1.0,0.0
nuscenes_mini_subset,scene-0103_020,2,Car,0,0.0,17.41,mid,233.0,17,ty,0.02,1.0,0.1283
nuscenes_mini_subset,scene-0103_020,10,Car,0,0.0,37.29,far,68.6,10,ty,0.02,1.0,0.1185
nuscenes_mini_subset,scene-0103_020,12,Car,2,0.0,21.21,mid,269.4,24,ty,0.02,1.0,0.7091
nuscenes_mini_subset,scene-0103_020,15,Car,0,0.93,6.82,near,201.4,661,ty,0.02,0.0847,2.1876
nuscenes_mini_subset,scene-0103_020,21,Car,0,0.0,15.08,mid,408.6,120,ty,0.02,1.0,0.668
nuscenes_mini_subset,scene-0103_020,2,Car,0,0.0,17.41,mid,233.0,17,ty,0.05,1.0,0.3201
nuscenes_mini_subset,scene-0103_020,10,Car,0,0.0,37.29,far,68.6,10,ty,0.05,1.0,0.2961
nuscenes_mini_subset,scene-0103_020,12,Car,2,0.0,21.21,mid,269.4,24,ty,0.05,1.0,1.7699
nuscenes_mini_subset,scene-0103_020,15,Car,0,0.93,6.82,near,201.4,661,ty,0.05,0.0862,5.4436
nuscenes_mini_subset,scene-0103_020,21,Car,0,0.0,15.08,mid,408.6,120,ty,0.05,1.0,1.6663
nuscenes_mini_subset,scene-0103_020,2,Car,0,0.0,17.41,mid,233.0,17,ty,0.1,1.0,0.6382
nuscenes_mini_subset,scene-0103_020,10,Car,0,0.0,37.29,far,68.6,10,ty,0.1,1.0,0.5913
nuscenes_mini_subset,scene-0103_020,12,Car,2,0.0,21.21,mid,269.4,24,ty,0.1,1.0,3.5299
nuscenes_mini_subset,scene-0103_020,15,Car,0,0.93,6.82,near,201.4,661,ty,0.1,0.0893,10.8033
nuscenes_mini_subset,scene-0103_020,21,Car,0,0.0,15.08,mid,408.6,120,ty,0.1,1.0,3.3203
nuscenes_mini_subset,scene-0103_024,10,Car,0,0.0,31.11,far,87.5,10,yaw,0.0,1.0,0.0
nuscenes_mini_subset,scene-0103_024,12,Car,2,0.61,15.88,mid,194.5,14,yaw,0.0,0.7143,0.0
nuscenes_mini_subset,scene-0103_024,13,bicycle_rack,0,0.0,32.53,far,233.2,19,yaw,0.0,1.0,0.0
nuscenes_mini_subset,scene-0103_024,20,Truck,0,0.0,47.52,far,103.3,10,yaw,0.0,1.0,0.0
nuscenes_mini_subset,scene-0103_024,21,Car,0,0.83,8.96,near,274.1,391,yaw,0.0,0.2813,0.0
nuscenes_mini_subset,scene-0103_024,24,Car,0,0.0,21.57,mid,267.3,18,yaw,0.0,1.0,0.0
nuscenes_mini_subset,scene-0103_024,10,Car,0,0.0,31.11,far,87.5,10,yaw,0.5,1.0,11.6407
nuscenes_mini_subset,scene-0103_024,12,Car,2,0.61,15.88,mid,194.5,14,yaw,0.5,0.5714,15.402
nuscenes_mini_subset,scene-0103_024,13,bicycle_rack,0,0.0,32.53,far,233.2,19,yaw,0.5,1.0,11.9184
nuscenes_mini_subset,scene-0103_024,20,Truck,0,0.0,47.52,far,103.3,10,yaw,0.5,1.0,11.2999
nuscenes_mini_subset,scene-0103_024,21,Car,0,0.83,8.96,near,274.1,391,yaw,0.5,0.2558,15.4399
nuscenes_mini_subset,scene-0103_024,24,Car,0,0.0,21.57,mid,267.3,18,yaw,0.5,1.0,13.567
nuscenes_mini_subset,scene-0103_024,10,Car,0,0.0,31.11,far,87.5,10,yaw,1.0,0.9,23.2401
nuscenes_mini_subset,scene-0103_024,12,Car,2,0.61,15.88,mid,194.5,14,yaw,1.0,0.5,30.4915
nuscenes_mini_subset,scene-0103_024,13,bicycle_rack,0,0.0,32.53,far,233.2,19,yaw,1.0,1.0,23.892
nuscenes_mini_subset,scene-0103_024,20,Truck,0,0.0,47.52,far,103.3,10,yaw,1.0,1.0,22.6287
nuscenes_mini_subset,scene-0103_024,21,Car,0,0.83,8.96,near,274.1,391,yaw,1.0,0.2353,30.8775
nuscenes_mini_subset,scene-0103_024,24,Car,0,0.0,21.57,mid,267.3,18,yaw,1.0,1.0,27.2441
nuscenes_mini_subset,scene-0103_024,10,Car,0,0.0,31.11,far,87.5,10,yaw,2.0,0.5,46.323
nuscenes_mini_subset,scene-0103_024,12,Car,2,0.61,15.88,mid,194.5,14,yaw,2.0,0.2857,59.2873
nuscenes_mini_subset,scene-0103_024,13,bicycle_rack,0,0.0,32.53,far,233.2,19,yaw,2.0,0.8421,48.0142
nuscenes_mini_subset,scene-0103_024,20,Truck,0,0.0,47.52,far,103.3,10,yaw,2.0,0.9,45.3804
nuscenes_mini_subset,scene-0103_024,21,Car,0,0.83,8.96,near,274.1,391,yaw,2.0,0.1969,61.5867
nuscenes_mini_subset,scene-0103_024,24,Car,0,0.0,21.57,mid,267.3,18,yaw,2.0,1.0,54.9432
nuscenes_mini_subset,scene-0103_024,10,Car,0,0.0,31.11,far,87.5,10,yaw,3.0,0.2,69.2646
nuscenes_mini_subset,scene-0103_024,12,Car,2,0.61,15.88,mid,194.5,14,yaw,3.0,0.2857,89.8485
nuscenes_mini_subset,scene-0103_024,13,bicycle_rack,0,0.0,32.53,far,233.2,19,yaw,3.0,0.7368,72.3852
nuscenes_mini_subset,scene-0103_024,20,Truck,0,0.0,47.52,far,103.3,10,yaw,3.0,0.6,68.2703
nuscenes_mini_subset,scene-0103_024,21,Car,0,0.83,8.96,near,274.1,391,yaw,3.0,0.1586,92.2412
nuscenes_mini_subset,scene-0103_024,24,Car,0,0.0,21.57,mid,267.3,18,yaw,3.0,0.8333,83.1268
nuscenes_mini_subset,scene-0103_024,10,Car,0,0.0,31.11,far,87.5,10,tx,0.0,1.0,0.0
nuscenes_mini_subset,scene-0103_024,12,Car,2,0.61,15.88,mid,194.5,14,tx,0.0,0.7143,0.0
nuscenes_mini_subset,scene-0103_024,13,bicycle_rack,0,0.0,32.53,far,233.2,19,tx,0.0,1.0,0.0
nuscenes_mini_subset,scene-0103_024,20,Truck,0,0.0,47.52,far,103.3,10,tx,0.0,1.0,0.0
nuscenes_mini_subset,scene-0103_024,21,Car,0,0.83,8.96,near,274.1,391,tx,0.0,0.2813,0.0
nuscenes_mini_subset,scene-0103_024,24,Car,0,0.0,21.57,mid,267.3,18,tx,0.0,1.0,0.0
nuscenes_mini_subset,scene-0103_024,10,Car,0,0.0,31.11,far,87.5,10,tx,0.02,1.0,0.8694
nuscenes_mini_subset,scene-0103_024,12,Car,2,0.61,15.88,mid,194.5,14,tx,0.02,0.7143,1.839
nuscenes_mini_subset,scene-0103_024,13,bicycle_rack,0,0.0,32.53,far,233.2,19,tx,0.02,1.0,0.8556
nuscenes_mini_subset,scene-0103_024,20,Truck,0,0.0,47.52,far,103.3,10,tx,0.02,1.0,0.5252
nuscenes_mini_subset,scene-0103_024,21,Car,0,0.83,8.96,near,274.1,391,tx,0.02,0.2839,3.2075
nuscenes_mini_subset,scene-0103_024,24,Car,0,0.0,21.57,mid,267.3,18,tx,0.02,1.0,1.3891
nuscenes_mini_subset,scene-0103_024,10,Car,0,0.0,31.11,far,87.5,10,tx,0.05,1.0,2.1735
nuscenes_mini_subset,scene-0103_024,12,Car,2,0.61,15.88,mid,194.5,14,tx,0.05,0.7143,4.5975
nuscenes_mini_subset,scene-0103_024,13,bicycle_rack,0,0.0,32.53,far,233.2,19,tx,0.05,1.0,2.139
nuscenes_mini_subset,scene-0103_024,20,Truck,0,0.0,47.52,far,103.3,10,tx,0.05,0.9,1.3131
nuscenes_mini_subset,scene-0103_024,21,Car,0,0.83,8.96,near,274.1,391,tx,0.05,0.2967,8.019
nuscenes_mini_subset,scene-0103_024,24,Car,0,0.0,21.57,mid,267.3,18,tx,0.05,1.0,3.4729
nuscenes_mini_subset,scene-0103_024,10,Car,0,0.0,31.11,far,87.5,10,tx,0.1,1.0,4.3471
nuscenes_mini_subset,scene-0103_024,12,Car,2,0.61,15.88,mid,194.5,14,tx,0.1,0.7857,9.1955
nuscenes_mini_subset,scene-0103_024,13,bicycle_rack,0,0.0,32.53,far,233.2,19,tx,0.1,1.0,4.2781
nuscenes_mini_subset,scene-0103_024,20,Truck,0,0.0,47.52,far,103.3,10,tx,0.1,0.9,2.6263
nuscenes_mini_subset,scene-0103_024,21,Car,0,0.83,8.96,near,274.1,391,tx,0.1,0.3043,16.0392
nuscenes_mini_subset,scene-0103_024,24,Car,0,0.0,21.57,mid,267.3,18,tx,0.1,1.0,6.946
nuscenes_mini_subset,scene-0103_024,10,Car,0,0.0,31.11,far,87.5,10,ty,0.0,1.0,0.0
nuscenes_mini_subset,scene-0103_024,12,Car,2,0.61,15.88,mid,194.5,14,ty,0.0,0.7143,0.0
nuscenes_mini_subset,scene-0103_024,13,bicycle_rack,0,0.0,32.53,far,233.2,19,ty,0.0,1.0,0.0
nuscenes_mini_subset,scene-0103_024,20,Truck,0,0.0,47.52,far,103.3,10,ty,0.0,1.0,0.0
nuscenes_mini_subset,scene-0103_024,21,Car,0,0.83,8.96,near,274.1,391,ty,0.0,0.2813,0.0
nuscenes_mini_subset,scene-0103_024,24,Car,0,0.0,21.57,mid,267.3,18,ty,0.0,1.0,0.0
nuscenes_mini_subset,scene-0103_024,10,Car,0,0.0,31.11,far,87.5,10,ty,0.02,1.0,0.1741
nuscenes_mini_subset,scene-0103_024,12,Car,2,0.61,15.88,mid,194.5,14,ty,0.02,0.7143,1.1602
nuscenes_mini_subset,scene-0103_024,13,bicycle_rack,0,0.0,32.53,far,233.2,19,ty,0.02,1.0,0.2305
nuscenes_mini_subset,scene-0103_024,20,Truck,0,0.0,47.52,far,103.3,10,ty,0.02,1.0,0.0826
nuscenes_mini_subset,scene-0103_024,21,Car,0,0.83,8.96,near,274.1,391,ty,0.02,0.2813,1.8976
nuscenes_mini_subset,scene-0103_024,24,Car,0,0.0,21.57,mid,267.3,18,ty,0.02,1.0,0.6395
nuscenes_mini_subset,scene-0103_024,10,Car,0,0.0,31.11,far,87.5,10,ty,0.05,1.0,0.4349
nuscenes_mini_subset,scene-0103_024,12,Car,2,0.61,15.88,mid,194.5,14,ty,0.05,0.7143,2.8941
nuscenes_mini_subset,scene-0103_024,13,bicycle_rack,0,0.0,32.53,far,233.2,19,ty,0.05,1.0,0.5757
nuscenes_mini_subset,scene-0103_024,20,Truck,0,0.0,47.52,far,103.3,10,ty,0.05,1.0,0.2063
nuscenes_mini_subset,scene-0103_024,21,Car,0,0.83,8.96,near,274.1,391,ty,0.05,0.2864,4.7267
nuscenes_mini_subset,scene-0103_024,24,Car,0,0.0,21.57,mid,267.3,18,ty,0.05,1.0,1.5961
nuscenes_mini_subset,scene-0103_024,10,Car,0,0.0,31.11,far,87.5,10,ty,0.1,1.0,0.8683
nuscenes_mini_subset,scene-0103_024,12,Car,2,0.61,15.88,mid,194.5,14,ty,0.1,0.7857,5.7671
nuscenes_mini_subset,scene-0103_024,13,bicycle_rack,0,0.0,32.53,far,233.2,19,ty,0.1,1.0,1.1494
nuscenes_mini_subset,scene-0103_024,20,Truck,0,0.0,47.52,far,103.3,10,ty,0.1,1.0,0.4121
nuscenes_mini_subset,scene-0103_024,21,Car,0,0.83,8.96,near,274.1,391,ty,0.1,0.2967,9.3961
nuscenes_mini_subset,scene-0103_024,24,Car,0,0.0,21.57,mid,267.3,18,ty,0.1,1.0,3.1834
nuscenes_mini_subset,scene-0103_028,8,Car,0,0.0,21.75,mid,145.5,27,yaw,0.0,1.0,0.0
nuscenes_mini_subset,scene-0103_028,10,bicycle_rack,0,0.0,23.43,mid,467.2,61,yaw,0.0,1.0,0.0
nuscenes_mini_subset,scene-0103_028,17,Truck,0,0.0,38.05,far,140.9,23,yaw,0.0,1.0,0.0
nuscenes_mini_subset,scene-0103_028,21,Car,0,0.926,13.48,near,59.4,143,yaw,0.0,0.021,0.0
nuscenes_mini_subset,scene-0103_028,22,Car,1,0.0,26.59,mid,161.0,14,yaw,0.0,1.0,0.0
nuscenes_mini_subset,scene-0103_028,8,Car,0,0.0,21.75,mid,145.5,27,yaw,0.5,0.963,12.1666
nuscenes_mini_subset,scene-0103_028,10,bicycle_rack,0,0.0,23.43,mid,467.2,61,yaw,0.5,1.0,13.34
nuscenes_mini_subset,scene-0103_028,17,Truck,0,0.0,38.05,far,140.9,23,yaw,0.5,1.0,11.5563
nuscenes_mini_subset,scene-0103_028,21,Car,0,0.926,13.48,near,59.4,143,yaw,0.5,0.007,16.1572
nuscenes_mini_subset,scene-0103_028,22,Car,1,0.0,26.59,mid,161.0,14,yaw,0.5,1.0,11.7426
nuscenes_mini_subset,scene-0103_028,8,Car,0,0.0,21.75,mid,145.5,27,yaw,1.0,0.9259,24.2728
nuscenes_mini_subset,scene-0103_028,10,bicycle_rack,0,0.0,23.43,mid,467.2,61,yaw,1.0,0.9836,26.7835
nuscenes_mini_subset,scene-0103_028,17,Truck,0,0.0,38.05,far,140.9,23,yaw,1.0,0.9565,23.1545
nuscenes_mini_subset,scene-0103_028,21,Car,0,0.926,13.48,near,59.4,143,yaw,1.0,0.0,
nuscenes_mini_subset,scene-0103_028,22,Car,1,0.0,26.59,mid,161.0,14,yaw,1.0,0.9286,23.4398
nuscenes_mini_subset,scene-0103_028,8,Car,0,0.0,21.75,mid,145.5,27,yaw,2.0,0.7778,48.3129
nuscenes_mini_subset,scene-0103_028,10,bicycle_rack,0,0.0,23.43,mid,467.2,61,yaw,2.0,0.9508,53.995
nuscenes_mini_subset,scene-0103_028,17,Truck,0,0.0,38.05,far,140.9,23,yaw,2.0,0.8261,46.4848
nuscenes_mini_subset,scene-0103_028,21,Car,0,0.926,13.48,near,59.4,143,yaw,2.0,0.0,
nuscenes_mini_subset,scene-0103_028,22,Car,1,0.0,26.59,mid,161.0,14,yaw,2.0,0.8571,46.7063
nuscenes_mini_subset,scene-0103_028,8,Car,0,0.0,21.75,mid,145.5,27,yaw,3.0,0.5556,72.1388
nuscenes_mini_subset,scene-0103_028,10,bicycle_rack,0,0.0,23.43,mid,467.2,61,yaw,3.0,0.9016,81.194
nuscenes_mini_subset,scene-0103_028,17,Truck,0,0.0,38.05,far,140.9,23,yaw,3.0,0.6522,70.0076
nuscenes_mini_subset,scene-0103_028,21,Car,0,0.926,13.48,near,59.4,143,yaw,3.0,0.0,
nuscenes_mini_subset,scene-0103_028,22,Car,1,0.0,26.59,mid,161.0,14,yaw,3.0,0.4286,69.8159
nuscenes_mini_subset,scene-0103_028,8,Car,0,0.0,21.75,mid,145.5,27,tx,0.0,1.0,0.0
nuscenes_mini_subset,scene-0103_028,10,bicycle_rack,0,0.0,23.43,mid,467.2,61,tx,0.0,1.0,0.0
nuscenes_mini_subset,scene-0103_028,17,Truck,0,0.0,38.05,far,140.9,23,tx,0.0,1.0,0.0
nuscenes_mini_subset,scene-0103_028,21,Car,0,0.926,13.48,near,59.4,143,tx,0.0,0.021,0.0
nuscenes_mini_subset,scene-0103_028,22,Car,1,0.0,26.59,mid,161.0,14,tx,0.0,1.0,0.0
nuscenes_mini_subset,scene-0103_028,8,Car,0,0.0,21.75,mid,145.5,27,tx,0.02,1.0,1.2819
nuscenes_mini_subset,scene-0103_028,10,bicycle_rack,0,0.0,23.43,mid,467.2,61,tx,0.02,1.0,1.3412
nuscenes_mini_subset,scene-0103_028,17,Truck,0,0.0,38.05,far,140.9,23,tx,0.02,1.0,0.7022
nuscenes_mini_subset,scene-0103_028,21,Car,0,0.926,13.48,near,59.4,143,tx,0.02,0.021,2.0304
nuscenes_mini_subset,scene-0103_028,22,Car,1,0.0,26.59,mid,161.0,14,tx,0.02,1.0,1.0283
nuscenes_mini_subset,scene-0103_028,8,Car,0,0.0,21.75,mid,145.5,27,tx,0.05,1.0,3.2048
nuscenes_mini_subset,scene-0103_028,10,bicycle_rack,0,0.0,23.43,mid,467.2,61,tx,0.05,1.0,3.3529
nuscenes_mini_subset,scene-0103_028,17,Truck,0,0.0,38.05,far,140.9,23,tx,0.05,1.0,1.7554
nuscenes_mini_subset,scene-0103_028,21,Car,0,0.926,13.48,near,59.4,143,tx,0.05,0.021,5.0761
nuscenes_mini_subset,scene-0103_028,22,Car,1,0.0,26.59,mid,161.0,14,tx,0.05,1.0,2.5708
nuscenes_mini_subset,scene-0103_028,8,Car,0,0.0,21.75,mid,145.5,27,tx,0.1,1.0,6.4097
nuscenes_mini_subset,scene-0103_028,10,bicycle_rack,0,0.0,23.43,mid,467.2,61,tx,0.1,1.0,6.7061
nuscenes_mini_subset,scene-0103_028,17,Truck,0,0.0,38.05,far,140.9,23,tx,0.1,1.0,3.5109
nuscenes_mini_subset,scene-0103_028,21,Car,0,0.926,13.48,near,59.4,143,tx,0.1,0.028,10.1527
nuscenes_mini_subset,scene-0103_028,22,Car,1,0.0,26.59,mid,161.0,14,tx,0.1,1.0,5.1417
nuscenes_mini_subset,scene-0103_028,8,Car,0,0.0,21.75,mid,145.5,27,ty,0.0,1.0,0.0
nuscenes_mini_subset,scene-0103_028,10,bicycle_rack,0,0.0,23.43,mid,467.2,61,ty,0.0,1.0,0.0
nuscenes_mini_subset,scene-0103_028,17,Truck,0,0.0,38.05,far,140.9,23,ty,0.0,1.0,0.0
nuscenes_mini_subset,scene-0103_028,21,Car,0,0.926,13.48,near,59.4,143,ty,0.0,0.021,0.0
nuscenes_mini_subset,scene-0103_028,22,Car,1,0.0,26.59,mid,161.0,14,ty,0.0,1.0,0.0
nuscenes_mini_subset,scene-0103_028,8,Car,0,0.0,21.75,mid,145.5,27,ty,0.02,1.0,0.3537
nuscenes_mini_subset,scene-0103_028,10,bicycle_rack,0,0.0,23.43,mid,467.2,61,ty,0.02,1.0,0.5895
nuscenes_mini_subset,scene-0103_028,17,Truck,0,0.0,38.05,far,140.9,23,ty,0.02,1.0,0.1477
nuscenes_mini_subset,scene-0103_028,21,Car,0,0.926,13.48,near,59.4,143,ty,0.02,0.021,1.3597
nuscenes_mini_subset,scene-0103_028,22,Car,1,0.0,26.59,mid,161.0,14,ty,0.02,1.0,0.2272
nuscenes_mini_subset,scene-0103_028,8,Car,0,0.0,21.75,mid,145.5,27,ty,0.05,1.0,0.883
nuscenes_mini_subset,scene-0103_028,10,bicycle_rack,0,0.0,23.43,mid,467.2,61,ty,0.05,1.0,1.4714
nuscenes_mini_subset,scene-0103_028,17,Truck,0,0.0,38.05,far,140.9,23,ty,0.05,1.0,0.3689
nuscenes_mini_subset,scene-0103_028,21,Car,0,0.926,13.48,near,59.4,143,ty,0.05,0.021,3.3911
nuscenes_mini_subset,scene-0103_028,22,Car,1,0.0,26.59,mid,161.0,14,ty,0.05,1.0,0.5674
nuscenes_mini_subset,scene-0103_028,8,Car,0,0.0,21.75,mid,145.5,27,ty,0.1,1.0,1.7614
nuscenes_mini_subset,scene-0103_028,10,bicycle_rack,0,0.0,23.43,mid,467.2,61,ty,0.1,1.0,2.9349
nuscenes_mini_subset,scene-0103_028,17,Truck,0,0.0,38.05,far,140.9,23,ty,0.1,1.0,0.7367
nuscenes_mini_subset,scene-0103_028,21,Car,0,0.926,13.48,near,59.4,143,ty,0.1,0.021,6.7547
nuscenes_mini_subset,scene-0103_028,22,Car,1,0.0,26.59,mid,161.0,14,ty,0.1,1.0,1.1324
nuscenes_mini_subset,scene-0103_032,3,Car,2,0.754,22.59,mid,91.4,21,yaw,0.0,0.0,
nuscenes_mini_subset,scene-0103_032,5,Car,0,0.79,9.38,near,145.0,250,yaw,0.0,0.12,0.0
nuscenes_mini_subset,scene-0103_032,6,Car,0,0.0,25.23,mid,154.4,22,yaw,0.0,1.0,0.0
nuscenes_mini_subset,scene-0103_032,7,bicycle_rack,0,0.996,12.16,near,203.7,364,yaw,0.0,0.0632,0.0
nuscenes_mini_subset,scene-0103_032,8,Car,1,0.0,33.19,far,135.5,10,yaw,0.0,1.0,0.0
nuscenes_mini_subset,scene-0103_032,10,Bicycle,0,0.0,17.23,mid,113.8,16,yaw,0.0,1.0,0.0
nuscenes_mini_subset,scene-0103_032,11,Car,1,0.0,19.21,mid,218.6,25,yaw,0.0,1.0,0.0
nuscenes_mini_subset,scene-0103_032,12,Truck,0,0.0,25.14,mid,270.2,70,yaw,0.0,1.0,0.0
nuscenes_mini_subset,scene-0103_032,16,Car,0,0.12,13.76,near,397.3,123,yaw,0.0,1.0,0.0
nuscenes_mini_subset,scene-0103_032,3,Car,2,0.754,22.59,mid,91.4,21,yaw,0.5,0.0476,
nuscenes_mini_subset,scene-0103_032,5,Car,0,0.79,9.38,near,145.0,250,yaw,0.5,0.152,15.1535
nuscenes_mini_subset,scene-0103_032,6,Car,0,0.0,25.23,mid,154.4,22,yaw,0.5,1.0,11.7289
nuscenes_mini_subset,scene-0103_032,7,bicycle_rack,0,0.996,12.16,near,203.7,364,yaw,0.5,0.0577,15.161
nuscenes_mini_subset,scene-0103_032,8,Car,1,0.0,33.19,far,135.5,10,yaw,0.5,1.0,11.7968
nuscenes_mini_subset,scene-0103_032,10,Bicycle,0,0.0,17.23,mid,113.8,16,yaw,0.5,1.0,12.7743
nuscenes_mini_subset,scene-0103_032,11,Car,1,0.0,19.21,mid,218.6,25,yaw,0.5,0.96,12.1229
nuscenes_mini_subset,scene-0103_032,12,Truck,0,0.0,25.14,mid,270.2,70,yaw,0.5,1.0,12.4521
nuscenes_mini_subset,scene-0103_032,16,Car,0,0.12,13.76,near,397.3,123,yaw,0.5,1.0,13.6499
nuscenes_mini_subset,scene-0103_032,3,Car,2,0.754,22.59,mid,91.4,21,yaw,1.0,0.1429,
nuscenes_mini_subset,scene-0103_032,5,Car,0,0.79,9.38,near,145.0,250,yaw,1.0,0.176,30.1563
nuscenes_mini_subset,scene-0103_032,6,Car,0,0.0,25.23,mid,154.4,22,yaw,1.0,0.8636,23.4124
nuscenes_mini_subset,scene-0103_032,7,bicycle_rack,0,0.996,12.16,near,203.7,364,yaw,1.0,0.0495,30.3124
nuscenes_mini_subset,scene-0103_032,8,Car,1,0.0,33.19,far,135.5,10,yaw,1.0,1.0,23.6462
nuscenes_mini_subset,scene-0103_032,10,Bicycle,0,0.0,17.23,mid,113.8,16,yaw,1.0,1.0,25.6331
nuscenes_mini_subset,scene-0103_032,11,Car,1,0.0,19.21,mid,218.6,25,yaw,1.0,0.92,24.1879
nuscenes_mini_subset,scene-0103_032,12,Truck,0,0.0,25.14,mid,270.2,70,yaw,1.0,1.0,24.9798
nuscenes_mini_subset,scene-0103_032,16,Car,0,0.12,13.76,near,397.3,123,yaw,1.0,0.9837,27.1939
nuscenes_mini_subset,scene-0103_032,3,Car,2,0.754,22.59,mid,91.4,21,yaw,2.0,0.3333,
nuscenes_mini_subset,scene-0103_032,5,Car,0,0.79,9.38,near,145.0,250,yaw,2.0,0.212,59.7284
nuscenes_mini_subset,scene-0103_032,6,Car,0,0.0,25.23,mid,154.4,22,yaw,2.0,0.7273,46.6516
nuscenes_mini_subset,scene-0103_032,7,bicycle_rack,0,0.996,12.16,near,203.7,364,yaw,2.0,0.0412,61.0346
nuscenes_mini_subset,scene-0103_032,8,Car,1,0.0,33.19,far,135.5,10,yaw,2.0,1.0,47.5117
nuscenes_mini_subset,scene-0103_032,10,Bicycle,0,0.0,17.23,mid,113.8,16,yaw,2.0,0.8125,51.6158
nuscenes_mini_subset,scene-0103_032,11,Car,1,0.0,19.21,mid,218.6,25,yaw,2.0,0.64,48.1535
nuscenes_mini_subset,scene-0103_032,12,Truck,0,0.0,25.14,mid,270.2,70,yaw,2.0,0.9571,50.2731
nuscenes_mini_subset,scene-0103_032,16,Car,0,0.12,13.76,near,397.3,123,yaw,2.0,0.9268,53.9783
nuscenes_mini_subset,scene-0103_032,3,Car,2,0.754,22.59,mid,91.4,21,yaw,3.0,0.381,
nuscenes_mini_subset,scene-0103_032,5,Car,0,0.79,9.38,near,145.0,250,yaw,3.0,0.26,88.752
nuscenes_mini_subset,scene-0103_032,6,Car,0,0.0,25.23,mid,154.4,22,yaw,3.0,0.4091,69.734
nuscenes_mini_subset,scene-0103_032,7,bicycle_rack,0,0.996,12.16,near,203.7,364,yaw,3.0,0.033,92.1308
nuscenes_mini_subset,scene-0103_032,8,Car,1,0.0,33.19,far,135.5,10,yaw,3.0,0.8,71.6147
nuscenes_mini_subset,scene-0103_032,10,Bicycle,0,0.0,17.23,mid,113.8,16,yaw,3.0,0.25,77.9721
nuscenes_mini_subset,scene-0103_032,11,Car,1,0.0,19.21,mid,218.6,25,yaw,3.0,0.48,71.9148
nuscenes_mini_subset,scene-0103_032,12,Truck,0,0.0,25.14,mid,270.2,70,yaw,3.0,0.8714,75.902
nuscenes_mini_subset,scene-0103_032,16,Car,0,0.12,13.76,near,397.3,123,yaw,3.0,0.8537,80.3791
nuscenes_mini_subset,scene-0103_032,3,Car,2,0.754,22.59,mid,91.4,21,tx,0.0,0.0,
nuscenes_mini_subset,scene-0103_032,5,Car,0,0.79,9.38,near,145.0,250,tx,0.0,0.12,0.0
nuscenes_mini_subset,scene-0103_032,6,Car,0,0.0,25.23,mid,154.4,22,tx,0.0,1.0,0.0
nuscenes_mini_subset,scene-0103_032,7,bicycle_rack,0,0.996,12.16,near,203.7,364,tx,0.0,0.0632,0.0
nuscenes_mini_subset,scene-0103_032,8,Car,1,0.0,33.19,far,135.5,10,tx,0.0,1.0,0.0
nuscenes_mini_subset,scene-0103_032,10,Bicycle,0,0.0,17.23,mid,113.8,16,tx,0.0,1.0,0.0
nuscenes_mini_subset,scene-0103_032,11,Car,1,0.0,19.21,mid,218.6,25,tx,0.0,1.0,0.0
nuscenes_mini_subset,scene-0103_032,12,Truck,0,0.0,25.14,mid,270.2,70,tx,0.0,1.0,0.0
nuscenes_mini_subset,scene-0103_032,16,Car,0,0.12,13.76,near,397.3,123,tx,0.0,1.0,0.0
nuscenes_mini_subset,scene-0103_032,3,Car,2,0.754,22.59,mid,91.4,21,tx,0.02,0.0,
nuscenes_mini_subset,scene-0103_032,5,Car,0,0.79,9.38,near,145.0,250,tx,0.02,0.12,3.0506
nuscenes_mini_subset,scene-0103_032,6,Car,0,0.0,25.23,mid,154.4,22,tx,0.02,1.0,1.1054
nuscenes_mini_subset,scene-0103_032,7,bicycle_rack,0,0.996,12.16,near,203.7,364,tx,0.02,0.0632,1.7649
nuscenes_mini_subset,scene-0103_032,8,Car,1,0.0,33.19,far,135.5,10,tx,0.02,1.0,0.807
nuscenes_mini_subset,scene-0103_032,10,Bicycle,0,0.0,17.23,mid,113.8,16,tx,0.02,1.0,1.5231
nuscenes_mini_subset,scene-0103_032,11,Car,1,0.0,19.21,mid,218.6,25,tx,0.02,1.0,1.4731
nuscenes_mini_subset,scene-0103_032,12,Truck,0,0.0,25.14,mid,270.2,70,tx,0.02,1.0,1.0783
nuscenes_mini_subset,scene-0103_032,16,Car,0,0.12,13.76,near,397.3,123,tx,0.02,1.0,2.3368
nuscenes_mini_subset,scene-0103_032,3,Car,2,0.754,22.59,mid,91.4,21,tx,0.05,0.0,
nuscenes_mini_subset,scene-0103_032,5,Car,0,0.79,9.38,near,145.0,250,tx,0.05,0.112,7.6269
nuscenes_mini_subset,scene-0103_032,6,Car,0,0.0,25.23,mid,154.4,22,tx,0.05,1.0,2.7635
nuscenes_mini_subset,scene-0103_032,7,bicycle_rack,0,0.996,12.16,near,203.7,364,tx,0.05,0.0687,4.4123
nuscenes_mini_subset,scene-0103_032,8,Car,1,0.0,33.19,far,135.5,10,tx,0.05,1.0,2.0176
nuscenes_mini_subset,scene-0103_032,10,Bicycle,0,0.0,17.23,mid,113.8,16,tx,0.05,1.0,3.8078
nuscenes_mini_subset,scene-0103_032,11,Car,1,0.0,19.21,mid,218.6,25,tx,0.05,1.0,3.6827
nuscenes_mini_subset,scene-0103_032,12,Truck,0,0.0,25.14,mid,270.2,70,tx,0.05,1.0,2.6958
nuscenes_mini_subset,scene-0103_032,16,Car,0,0.12,13.76,near,397.3,123,tx,0.05,1.0,5.8421
nuscenes_mini_subset,scene-0103_032,3,Car,2,0.754,22.59,mid,91.4,21,tx,0.1,0.0,
nuscenes_mini_subset,scene-0103_032,5,Car,0,0.79,9.38,near,145.0,250,tx,0.1,0.108,15.1737
nuscenes_mini_subset,scene-0103_032,6,Car,0,0.0,25.23,mid,154.4,22,tx,0.1,1.0,5.5271
nuscenes_mini_subset,scene-0103_032,7,bicycle_rack,0,0.996,12.16,near,203.7,364,tx,0.1,0.0687,8.8249
nuscenes_mini_subset,scene-0103_032,8,Car,1,0.0,33.19,far,135.5,10,tx,0.1,1.0,4.0354
nuscenes_mini_subset,scene-0103_032,10,Bicycle,0,0.0,17.23,mid,113.8,16,tx,0.1,1.0,7.6158
nuscenes_mini_subset,scene-0103_032,11,Car,1,0.0,19.21,mid,218.6,25,tx,0.1,1.0,7.3657
nuscenes_mini_subset,scene-0103_032,12,Truck,0,0.0,25.14,mid,270.2,70,tx,0.1,1.0,5.3918
nuscenes_mini_subset,scene-0103_032,16,Car,0,0.12,13.76,near,397.3,123,tx,0.1,1.0,11.6848
nuscenes_mini_subset,scene-0103_032,3,Car,2,0.754,22.59,mid,91.4,21,ty,0.0,0.0,
nuscenes_mini_subset,scene-0103_032,5,Car,0,0.79,9.38,near,145.0,250,ty,0.0,0.12,0.0
nuscenes_mini_subset,scene-0103_032,6,Car,0,0.0,25.23,mid,154.4,22,ty,0.0,1.0,0.0
nuscenes_mini_subset,scene-0103_032,7,bicycle_rack,0,0.996,12.16,near,203.7,364,ty,0.0,0.0632,0.0
nuscenes_mini_subset,scene-0103_032,8,Car,1,0.0,33.19,far,135.5,10,ty,0.0,1.0,0.0
nuscenes_mini_subset,scene-0103_032,10,Bicycle,0,0.0,17.23,mid,113.8,16,ty,0.0,1.0,0.0
nuscenes_mini_subset,scene-0103_032,11,Car,1,0.0,19.21,mid,218.6,25,ty,0.0,1.0,0.0
nuscenes_mini_subset,scene-0103_032,12,Truck,0,0.0,25.14,mid,270.2,70,ty,0.0,1.0,0.0
nuscenes_mini_subset,scene-0103_032,16,Car,0,0.12,13.76,near,397.3,123,ty,0.0,1.0,0.0
nuscenes_mini_subset,scene-0103_032,3,Car,2,0.754,22.59,mid,91.4,21,ty,0.02,0.0,
nuscenes_mini_subset,scene-0103_032,5,Car,0,0.79,9.38,near,145.0,250,ty,0.02,0.124,1.7074
nuscenes_mini_subset,scene-0103_032,6,Car,0,0.0,25.23,mid,154.4,22,ty,0.02,1.0,0.2411
nuscenes_mini_subset,scene-0103_032,7,bicycle_rack,0,0.996,12.16,near,203.7,364,ty,0.02,0.0632,1.0404
nuscenes_mini_subset,scene-0103_032,8,Car,1,0.0,33.19,far,135.5,10,ty,0.02,1.0,0.2061
nuscenes_mini_subset,scene-0103_032,10,Bicycle,0,0.0,17.23,mid,113.8,16,ty,0.02,1.0,0.574
nuscenes_mini_subset,scene-0103_032,11,Car,1,0.0,19.21,mid,218.6,25,ty,0.02,1.0,0.4024
nuscenes_mini_subset,scene-0103_032,12,Truck,0,0.0,25.14,mid,270.2,70,ty,0.02,1.0,0.3735
nuscenes_mini_subset,scene-0103_032,16,Car,0,0.12,13.76,near,397.3,123,ty,0.02,1.0,1.0364
nuscenes_mini_subset,scene-0103_032,3,Car,2,0.754,22.59,mid,91.4,21,ty,0.05,0.0,
nuscenes_mini_subset,scene-0103_032,5,Car,0,0.79,9.38,near,145.0,250,ty,0.05,0.132,4.2531
nuscenes_mini_subset,scene-0103_032,6,Car,0,0.0,25.23,mid,154.4,22,ty,0.05,1.0,0.602
nuscenes_mini_subset,scene-0103_032,7,bicycle_rack,0,0.996,12.16,near,203.7,364,ty,0.05,0.0659,2.5955
nuscenes_mini_subset,scene-0103_032,8,Car,1,0.0,33.19,far,135.5,10,ty,0.05,1.0,0.5148
nuscenes_mini_subset,scene-0103_032,10,Bicycle,0,0.0,17.23,mid,113.8,16,ty,0.05,1.0,1.4323
nuscenes_mini_subset,scene-0103_032,11,Car,1,0.0,19.21,mid,218.6,25,ty,0.05,1.0,1.0042
nuscenes_mini_subset,scene-0103_032,12,Truck,0,0.0,25.14,mid,270.2,70,ty,0.05,1.0,0.9324
nuscenes_mini_subset,scene-0103_032,16,Car,0,0.12,13.76,near,397.3,123,ty,0.05,1.0,2.5838
nuscenes_mini_subset,scene-0103_032,3,Car,2,0.754,22.59,mid,91.4,21,ty,0.1,0.0,
nuscenes_mini_subset,scene-0103_032,5,Car,0,0.79,9.38,near,145.0,250,ty,0.1,0.14,8.4555
nuscenes_mini_subset,scene-0103_032,6,Car,0,0.0,25.23,mid,154.4,22,ty,0.1,1.0,1.2013
nuscenes_mini_subset,scene-0103_032,7,bicycle_rack,0,0.996,12.16,near,203.7,364,ty,0.1,0.0687,5.1727
nuscenes_mini_subset,scene-0103_032,8,Car,1,0.0,33.19,far,135.5,10,ty,0.1,1.0,1.028
nuscenes_mini_subset,scene-0103_032,10,Bicycle,0,0.0,17.23,mid,113.8,16,ty,0.1,1.0,2.856
nuscenes_mini_subset,scene-0103_032,11,Car,1,0.0,19.21,mid,218.6,25,ty,0.1,1.0,2.0025
nuscenes_mini_subset,scene-0103_032,12,Truck,0,0.0,25.14,mid,270.2,70,ty,0.1,1.0,1.8609
nuscenes_mini_subset,scene-0103_032,16,Car,0,0.12,13.76,near,397.3,123,ty,0.1,1.0,5.144
nuscenes_mini_subset,scene-0103_036,1,Car,0,0.0,30.75,far,128.7,25,yaw,0.0,1.0,0.0
nuscenes_mini_subset,scene-0103_036,3,Car,0,0.0,26.76,mid,138.5,16,yaw,0.0,1.0,0.0
nuscenes_mini_subset,scene-0103_036,4,Car,0,0.0,19.55,mid,150.3,17,yaw,0.0,1.0,0.0
nuscenes_mini_subset,scene-0103_036,7,Car,0,0.603,10.48,near,283.5,295,yaw,0.0,0.3627,0.0
nuscenes_mini_subset,scene-0103_036,9,Car,0,0.078,18.63,mid,341.0,74,yaw,0.0,1.0,0.0
nuscenes_mini_subset,scene-0103_036,11,Truck,0,0.99,11.94,near,20.4,555,yaw,0.0,0.0,
nuscenes_mini_subset,scene-0103_036,14,Car,0,0.0,15.65,mid,279.7,38,yaw,0.0,1.0,0.0
nuscenes_mini_subset,scene-0103_036,1,Car,0,0.0,30.75,far,128.7,25,yaw,0.5,1.0,12.2031
nuscenes_mini_subset,scene-0103_036,3,Car,0,0.0,26.76,mid,138.5,16,yaw,0.5,0.9375,11.7144
nuscenes_mini_subset,scene-0103_036,4,Car,0,0.0,19.55,mid,150.3,17,yaw,0.5,1.0,11.5529
nuscenes_mini_subset,scene-0103_036,7,Car,0,0.603,10.48,near,283.5,295,yaw,0.5,0.4068,14.6848
nuscenes_mini_subset,scene-0103_036,9,Car,0,0.078,18.63,mid,341.0,74,yaw,0.5,0.9595,14.1867
nuscenes_mini_subset,scene-0103_036,11,Truck,0,0.99,11.94,near,20.4,555,yaw,0.5,0.0,
nuscenes_mini_subset,scene-0103_036,14,Car,0,0.0,15.65,mid,279.7,38,yaw,0.5,1.0,12.7445
nuscenes_mini_subset,scene-0103_036,1,Car,0,0.0,30.75,far,128.7,25,yaw,1.0,0.92,24.4744
nuscenes_mini_subset,scene-0103_036,3,Car,0,0.0,26.76,mid,138.5,16,yaw,1.0,0.9375,23.3827
nuscenes_mini_subset,scene-0103_036,4,Car,0,0.0,19.55,mid,150.3,17,yaw,1.0,0.7647,23.1404
nuscenes_mini_subset,scene-0103_036,7,Car,0,0.603,10.48,near,283.5,295,yaw,1.0,0.4271,29.2326
nuscenes_mini_subset,scene-0103_036,9,Car,0,0.078,18.63,mid,341.0,74,yaw,1.0,0.9324,28.4236
nuscenes_mini_subset,scene-0103_036,11,Truck,0,0.99,11.94,near,20.4,555,yaw,1.0,0.0,
nuscenes_mini_subset,scene-0103_036,14,Car,0,0.0,15.65,mid,279.7,38,yaw,1.0,0.9474,25.4096
nuscenes_mini_subset,scene-0103_036,1,Car,0,0.0,30.75,far,128.7,25,yaw,2.0,0.64,49.2314
nuscenes_mini_subset,scene-0103_036,3,Car,0,0.0,26.76,mid,138.5,16,yaw,2.0,0.6875,46.5891
nuscenes_mini_subset,scene-0103_036,4,Car,0,0.0,19.55,mid,150.3,17,yaw,2.0,0.6471,46.4268
nuscenes_mini_subset,scene-0103_036,7,Car,0,0.603,10.48,near,283.5,295,yaw,2.0,0.4814,57.934
nuscenes_mini_subset,scene-0103_036,9,Car,0,0.078,18.63,mid,341.0,74,yaw,2.0,0.9189,57.3227
nuscenes_mini_subset,scene-0103_036,11,Truck,0,0.99,11.94,near,20.4,555,yaw,2.0,0.0,
nuscenes_mini_subset,scene-0103_036,14,Car,0,0.0,15.65,mid,279.7,38,yaw,2.0,0.8421,50.513
nuscenes_mini_subset,scene-0103_036,1,Car,0,0.0,30.75,far,128.7,25,yaw,3.0,0.32,74.2917
nuscenes_mini_subset,scene-0103_036,3,Car,0,0.0,26.76,mid,138.5,16,yaw,3.0,0.5,69.6356
nuscenes_mini_subset,scene-0103_036,4,Car,0,0.0,19.55,mid,150.3,17,yaw,3.0,0.5294,69.8755
nuscenes_mini_subset,scene-0103_036,7,Car,0,0.603,10.48,near,283.5,295,yaw,3.0,0.5356,86.1368
nuscenes_mini_subset,scene-0103_036,9,Car,0,0.078,18.63,mid,341.0,74,yaw,3.0,0.8108,86.2389
nuscenes_mini_subset,scene-0103_036,11,Truck,0,0.99,11.94,near,20.4,555,yaw,3.0,0.0,
nuscenes_mini_subset,scene-0103_036,14,Car,0,0.0,15.65,mid,279.7,38,yaw,3.0,0.7105,75.3314
nuscenes_mini_subset,scene-0103_036,1,Car,0,0.0,30.75,far,128.7,25,tx,0.0,1.0,0.0
nuscenes_mini_subset,scene-0103_036,3,Car,0,0.0,26.76,mid,138.5,16,tx,0.0,1.0,0.0
nuscenes_mini_subset,scene-0103_036,4,Car,0,0.0,19.55,mid,150.3,17,tx,0.0,1.0,0.0
nuscenes_mini_subset,scene-0103_036,7,Car,0,0.603,10.48,near,283.5,295,tx,0.0,0.3627,0.0
nuscenes_mini_subset,scene-0103_036,9,Car,0,0.078,18.63,mid,341.0,74,tx,0.0,1.0,0.0
nuscenes_mini_subset,scene-0103_036,11,Truck,0,0.99,11.94,near,20.4,555,tx,0.0,0.0,
nuscenes_mini_subset,scene-0103_036,14,Car,0,0.0,15.65,mid,279.7,38,tx,0.0,1.0,0.0
nuscenes_mini_subset,scene-0103_036,1,Car,0,0.0,30.75,far,128.7,25,tx,0.02,1.0,0.8937
nuscenes_mini_subset,scene-0103_036,3,Car,0,0.0,26.76,mid,138.5,16,tx,0.02,1.0,1.0266
nuscenes_mini_subset,scene-0103_036,4,Car,0,0.0,19.55,mid,150.3,17,tx,0.02,1.0,1.4234
nuscenes_mini_subset,scene-0103_036,7,Car,0,0.603,10.48,near,283.5,295,tx,0.02,0.3593,2.9452
nuscenes_mini_subset,scene-0103_036,9,Car,0,0.078,18.63,mid,341.0,74,tx,0.02,1.0,1.6367
nuscenes_mini_subset,scene-0103_036,11,Truck,0,0.99,11.94,near,20.4,555,tx,0.02,0.0,
nuscenes_mini_subset,scene-0103_036,14,Car,0,0.0,15.65,mid,279.7,38,tx,0.02,1.0,1.8973
nuscenes_mini_subset,scene-0103_036,1,Car,0,0.0,30.75,far,128.7,25,tx,0.05,1.0,2.2342
nuscenes_mini_subset,scene-0103_036,3,Car,0,0.0,26.76,mid,138.5,16,tx,0.05,1.0,2.5664
nuscenes_mini_subset,scene-0103_036,4,Car,0,0.0,19.55,mid,150.3,17,tx,0.05,1.0,3.5587
nuscenes_mini_subset,scene-0103_036,7,Car,0,0.603,10.48,near,283.5,295,tx,0.05,0.3559,7.359
nuscenes_mini_subset,scene-0103_036,9,Car,0,0.078,18.63,mid,341.0,74,tx,0.05,1.0,4.0918
nuscenes_mini_subset,scene-0103_036,11,Truck,0,0.99,11.94,near,20.4,555,tx,0.05,0.0,
nuscenes_mini_subset,scene-0103_036,14,Car,0,0.0,15.65,mid,279.7,38,tx,0.05,1.0,4.7433
nuscenes_mini_subset,scene-0103_036,1,Car,0,0.0,30.75,far,128.7,25,tx,0.1,1.0,4.4686
nuscenes_mini_subset,scene-0103_036,3,Car,0,0.0,26.76,mid,138.5,16,tx,0.1,1.0,5.133
nuscenes_mini_subset,scene-0103_036,4,Car,0,0.0,19.55,mid,150.3,17,tx,0.1,1.0,7.1175
nuscenes_mini_subset,scene-0103_036,7,Car,0,0.603,10.48,near,283.5,295,tx,0.1,0.339,14.5758
nuscenes_mini_subset,scene-0103_036,9,Car,0,0.078,18.63,mid,341.0,74,tx,0.1,1.0,8.1839
nuscenes_mini_subset,scene-0103_036,11,Truck,0,0.99,11.94,near,20.4,555,tx,0.1,0.0018,
nuscenes_mini_subset,scene-0103_036,14,Car,0,0.0,15.65,mid,279.7,38,tx,0.1,1.0,9.487
nuscenes_mini_subset,scene-0103_036,1,Car,0,0.0,30.75,far,128.7,25,ty,0.0,1.0,0.0
nuscenes_mini_subset,scene-0103_036,3,Car,0,0.0,26.76,mid,138.5,16,ty,0.0,1.0,0.0
nuscenes_mini_subset,scene-0103_036,4,Car,0,0.0,19.55,mid,150.3,17,ty,0.0,1.0,0.0
nuscenes_mini_subset,scene-0103_036,7,Car,0,0.603,10.48,near,283.5,295,ty,0.0,0.3627,0.0
nuscenes_mini_subset,scene-0103_036,9,Car,0,0.078,18.63,mid,341.0,74,ty,0.0,1.0,0.0
nuscenes_mini_subset,scene-0103_036,11,Truck,0,0.99,11.94,near,20.4,555,ty,0.0,0.0,
nuscenes_mini_subset,scene-0103_036,14,Car,0,0.0,15.65,mid,279.7,38,ty,0.0,1.0,0.0
nuscenes_mini_subset,scene-0103_036,1,Car,0,0.0,30.75,far,128.7,25,ty,0.02,1.0,0.2848
nuscenes_mini_subset,scene-0103_036,3,Car,0,0.0,26.76,mid,138.5,16,ty,0.02,1.0,0.2282
nuscenes_mini_subset,scene-0103_036,4,Car,0,0.0,19.55,mid,150.3,17,ty,0.02,1.0,0.2478
nuscenes_mini_subset,scene-0103_036,7,Car,0,0.603,10.48,near,283.5,295,ty,0.02,0.3729,1.5727
nuscenes_mini_subset,scene-0103_036,9,Car,0,0.078,18.63,mid,341.0,74,ty,0.02,1.0,0.8638
nuscenes_mini_subset,scene-0103_036,11,Truck,0,0.99,11.94,near,20.4,555,ty,0.02,0.0,
nuscenes_mini_subset,scene-0103_036,14,Car,0,0.0,15.65,mid,279.7,38,ty,0.02,1.0,0.6743
nuscenes_mini_subset,scene-0103_036,1,Car,0,0.0,30.75,far,128.7,25,ty,0.05,1.0,0.7111
nuscenes_mini_subset,scene-0103_036,3,Car,0,0.0,26.76,mid,138.5,16,ty,0.05,1.0,0.5699
nuscenes_mini_subset,scene-0103_036,4,Car,0,0.0,19.55,mid,150.3,17,ty,0.05,1.0,0.6184
nuscenes_mini_subset,scene-0103_036,7,Car,0,0.603,10.48,near,283.5,295,ty,0.05,0.3831,3.9177
nuscenes_mini_subset,scene-0103_036,9,Car,0,0.078,18.63,mid,341.0,74,ty,0.05,1.0,2.1553
nuscenes_mini_subset,scene-0103_036,11,Truck,0,0.99,11.94,near,20.4,555,ty,0.05,0.0,
nuscenes_mini_subset,scene-0103_036,14,Car,0,0.0,15.65,mid,279.7,38,ty,0.05,1.0,1.682
nuscenes_mini_subset,scene-0103_036,1,Car,0,0.0,30.75,far,128.7,25,ty,0.1,1.0,1.4197
nuscenes_mini_subset,scene-0103_036,3,Car,0,0.0,26.76,mid,138.5,16,ty,0.1,1.0,1.1375
nuscenes_mini_subset,scene-0103_036,4,Car,0,0.0,19.55,mid,150.3,17,ty,0.1,1.0,1.2333
nuscenes_mini_subset,scene-0103_036,7,Car,0,0.603,10.48,near,283.5,295,ty,0.1,0.3831,7.7893
nuscenes_mini_subset,scene-0103_036,9,Car,0,0.078,18.63,mid,341.0,74,ty,0.1,1.0,4.2966
nuscenes_mini_subset,scene-0103_036,11,Truck,0,0.99,11.94,near,20.4,555,ty,0.1,0.0,
nuscenes_mini_subset,scene-0103_036,14,Car,0,0.0,15.65,mid,279.7,38,ty,0.1,1.0,3.3513
nuscenes_mini_subset,scene-1094_000,0,personal_mobility,0,0.686,10.79,near,81.2,30,yaw,0.0,0.1667,0.0
nuscenes_mini_subset,scene-1094_000,1,Car,0,0.0,24.92,mid,254.4,33,yaw,0.0,1.0,0.0
nuscenes_mini_subset,scene-1094_000,3,Car,0,0.054,7.37,near,452.5,463,yaw,0.0,1.0,0.0
nuscenes_mini_subset,scene-1094_000,11,Car,0,0.0,30.62,far,311.2,61,yaw,0.0,1.0,0.0
nuscenes_mini_subset,scene-1094_000,12,Pedestrian,0,0.0,13.98,near,121.1,16,yaw,0.0,1.0,0.0
nuscenes_mini_subset,scene-1094_000,0,personal_mobility,0,0.686,10.79,near,81.2,30,yaw,0.5,0.1,16.1557
nuscenes_mini_subset,scene-1094_000,1,Car,0,0.0,24.92,mid,254.4,33,yaw,0.5,0.9697,14.0546
nuscenes_mini_subset,scene-1094_000,3,Car,0,0.054,7.37,near,452.5,463,yaw,0.5,0.9957,12.671
nuscenes_mini_subset,scene-1094_000,11,Car,0,0.0,30.62,far,311.2,61,yaw,0.5,1.0,12.561
nuscenes_mini_subset,scene-1094_000,12,Pedestrian,0,0.0,13.98,near,121.1,16,yaw,0.5,1.0,12.4081
nuscenes_mini_subset,scene-1094_000,0,personal_mobility,0,0.686,10.79,near,81.2,30,yaw,1.0,0.1,32.4926
nuscenes_mini_subset,scene-1094_000,1,Car,0,0.0,24.92,mid,254.4,33,yaw,1.0,0.8485,28.2321
nuscenes_mini_subset,scene-1094_000,3,Car,0,0.054,7.37,near,452.5,463,yaw,1.0,0.9784,25.3415
nuscenes_mini_subset,scene-1094_000,11,Car,0,0.0,30.62,far,311.2,61,yaw,1.0,1.0,25.1967
nuscenes_mini_subset,scene-1094_000,12,Pedestrian,0,0.0,13.98,near,121.1,16,yaw,1.0,1.0,24.8737
nuscenes_mini_subset,scene-1094_000,0,personal_mobility,0,0.686,10.79,near,81.2,30,yaw,2.0,0.0,
nuscenes_mini_subset,scene-1094_000,1,Car,0,0.0,24.92,mid,254.4,33,yaw,2.0,0.6061,56.9713
nuscenes_mini_subset,scene-1094_000,3,Car,0,0.054,7.37,near,452.5,463,yaw,2.0,0.9158,50.68
nuscenes_mini_subset,scene-1094_000,11,Car,0,0.0,30.62,far,311.2,61,yaw,2.0,0.9672,50.7028
nuscenes_mini_subset,scene-1094_000,12,Pedestrian,0,0.0,13.98,near,121.1,16,yaw,2.0,0.875,49.9879
nuscenes_mini_subset,scene-1094_000,0,personal_mobility,0,0.686,10.79,near,81.2,30,yaw,3.0,0.0,
nuscenes_mini_subset,scene-1094_000,1,Car,0,0.0,24.92,mid,254.4,33,yaw,3.0,0.5152,86.2501
nuscenes_mini_subset,scene-1094_000,3,Car,0,0.054,7.37,near,452.5,463,yaw,3.0,0.8812,76.0288
nuscenes_mini_subset,scene-1094_000,11,Car,0,0.0,30.62,far,311.2,61,yaw,3.0,0.918,76.5404
nuscenes_mini_subset,scene-1094_000,12,Pedestrian,0,0.0,13.98,near,121.1,16,yaw,3.0,0.1875,75.3644
nuscenes_mini_subset,scene-1094_000,0,personal_mobility,0,0.686,10.79,near,81.2,30,tx,0.0,0.1667,0.0
nuscenes_mini_subset,scene-1094_000,1,Car,0,0.0,24.92,mid,254.4,33,tx,0.0,1.0,0.0
nuscenes_mini_subset,scene-1094_000,3,Car,0,0.054,7.37,near,452.5,463,tx,0.0,1.0,0.0
nuscenes_mini_subset,scene-1094_000,11,Car,0,0.0,30.62,far,311.2,61,tx,0.0,1.0,0.0
nuscenes_mini_subset,scene-1094_000,12,Pedestrian,0,0.0,13.98,near,121.1,16,tx,0.0,1.0,0.0
nuscenes_mini_subset,scene-1094_000,0,personal_mobility,0,0.686,10.79,near,81.2,30,tx,0.02,0.2333,2.7645
nuscenes_mini_subset,scene-1094_000,1,Car,0,0.0,24.92,mid,254.4,33,tx,0.02,1.0,1.1528
nuscenes_mini_subset,scene-1094_000,3,Car,0,0.054,7.37,near,452.5,463,tx,0.02,1.0,4.6481
nuscenes_mini_subset,scene-1094_000,11,Car,0,0.0,30.62,far,311.2,61,tx,0.02,1.0,0.906
nuscenes_mini_subset,scene-1094_000,12,Pedestrian,0,0.0,13.98,near,121.1,16,tx,0.02,1.0,1.891
nuscenes_mini_subset,scene-1094_000,0,personal_mobility,0,0.686,10.79,near,81.2,30,tx,0.05,0.2333,6.9114
nuscenes_mini_subset,scene-1094_000,1,Car,0,0.0,24.92,mid,254.4,33,tx,0.05,1.0,2.882
nuscenes_mini_subset,scene-1094_000,3,Car,0,0.054,7.37,near,452.5,463,tx,0.05,1.0,11.6206
nuscenes_mini_subset,scene-1094_000,11,Car,0,0.0,30.62,far,311.2,61,tx,0.05,1.0,2.2651
nuscenes_mini_subset,scene-1094_000,12,Pedestrian,0,0.0,13.98,near,121.1,16,tx,0.05,1.0,4.7276
nuscenes_mini_subset,scene-1094_000,0,personal_mobility,0,0.686,10.79,near,81.2,30,tx,0.1,0.3,13.8231
nuscenes_mini_subset,scene-1094_000,1,Car,0,0.0,24.92,mid,254.4,33,tx,0.1,1.0,5.7641
nuscenes_mini_subset,scene-1094_000,3,Car,0,0.054,7.37,near,452.5,463,tx,0.1,1.0,23.2419
nuscenes_mini_subset,scene-1094_000,11,Car,0,0.0,30.62,far,311.2,61,tx,0.1,1.0,4.5302
nuscenes_mini_subset,scene-1094_000,12,Pedestrian,0,0.0,13.98,near,121.1,16,tx,0.1,1.0,9.4553
nuscenes_mini_subset,scene-1094_000,0,personal_mobility,0,0.686,10.79,near,81.2,30,ty,0.0,0.1667,0.0
nuscenes_mini_subset,scene-1094_000,1,Car,0,0.0,24.92,mid,254.4,33,ty,0.0,1.0,0.0
nuscenes_mini_subset,scene-1094_000,3,Car,0,0.054,7.37,near,452.5,463,ty,0.0,1.0,0.0
nuscenes_mini_subset,scene-1094_000,11,Car,0,0.0,30.62,far,311.2,61,ty,0.0,1.0,0.0
nuscenes_mini_subset,scene-1094_000,12,Pedestrian,0,0.0,13.98,near,121.1,16,ty,0.0,1.0,0.0
nuscenes_mini_subset,scene-1094_000,0,personal_mobility,0,0.686,10.79,near,81.2,30,ty,0.02,0.1667,1.7005
nuscenes_mini_subset,scene-1094_000,1,Car,0,0.0,24.92,mid,254.4,33,ty,0.02,1.0,0.5611
nuscenes_mini_subset,scene-1094_000,3,Car,0,0.054,7.37,near,452.5,463,ty,0.02,1.0,0.77
nuscenes_mini_subset,scene-1094_000,11,Car,0,0.0,30.62,far,311.2,61,ty,0.02,1.0,0.2992
nuscenes_mini_subset,scene-1094_000,12,Pedestrian,0,0.0,13.98,near,121.1,16,ty,0.02,1.0,0.495
nuscenes_mini_subset,scene-1094_000,0,personal_mobility,0,0.686,10.79,near,81.2,30,ty,0.05,0.2333,4.2374
nuscenes_mini_subset,scene-1094_000,1,Car,0,0.0,24.92,mid,254.4,33,ty,0.05,1.0,1.4008
nuscenes_mini_subset,scene-1094_000,3,Car,0,0.054,7.37,near,452.5,463,ty,0.05,1.0,1.9145
nuscenes_mini_subset,scene-1094_000,11,Car,0,0.0,30.62,far,311.2,61,ty,0.05,1.0,0.7473
nuscenes_mini_subset,scene-1094_000,12,Pedestrian,0,0.0,13.98,near,121.1,16,ty,0.05,1.0,1.2347
nuscenes_mini_subset,scene-1094_000,0,personal_mobility,0,0.686,10.79,near,81.2,30,ty,0.1,0.2333,8.4292
nuscenes_mini_subset,scene-1094_000,1,Car,0,0.0,24.92,mid,254.4,33,ty,0.1,1.0,2.7953
nuscenes_mini_subset,scene-1094_000,3,Car,0,0.054,7.37,near,452.5,463,ty,0.1,1.0,3.7947
nuscenes_mini_subset,scene-1094_000,11,Car,0,0.0,30.62,far,311.2,61,ty,0.1,1.0,1.4919
nuscenes_mini_subset,scene-1094_000,12,Pedestrian,0,0.0,13.98,near,121.1,16,ty,0.1,1.0,2.4602
nuscenes_mini_subset,scene-1094_004,0,personal_mobility,0,0.14,8.96,near,243.9,37,yaw,0.0,1.0,0.0
nuscenes_mini_subset,scene-1094_004,1,Car,0,0.0,24.19,mid,264.3,27,yaw,0.0,1.0,0.0
nuscenes_mini_subset,scene-1094_004,5,Car,0,0.0,8.48,near,438.0,367,yaw,0.0,1.0,0.0
nuscenes_mini_subset,scene-1094_004,9,Car,1,0.522,32.27,far,116.8,12,yaw,0.0,0.5,0.0
nuscenes_mini_subset,scene-1094_004,12,Car,0,0.947,8.46,near,46.2,278,yaw,0.0,0.0396,0.0
nuscenes_mini_subset,scene-1094_004,16,Car,0,0.0,29.87,mid,321.6,68,yaw,0.0,1.0,0.0
nuscenes_mini_subset,scene-1094_004,0,personal_mobility,0,0.14,8.96,near,243.9,37,yaw,0.5,0.973,15.3425
nuscenes_mini_subset,scene-1094_004,1,Car,0,0.0,24.19,mid,264.3,27,yaw,0.5,0.963,13.7774
nuscenes_mini_subset,scene-1094_004,5,Car,0,0.0,8.48,near,438.0,367,yaw,0.5,1.0,12.3451
nuscenes_mini_subset,scene-1094_004,9,Car,1,0.522,32.27,far,116.8,12,yaw,0.5,0.4167,15.496
nuscenes_mini_subset,scene-1094_004,12,Car,0,0.947,8.46,near,46.2,278,yaw,0.5,0.0504,16.0984
nuscenes_mini_subset,scene-1094_004,16,Car,0,0.0,29.87,mid,321.6,68,yaw,0.5,1.0,12.6922
nuscenes_mini_subset,scene-1094_004,0,personal_mobility,0,0.14,8.96,near,243.9,37,yaw,1.0,0.973,30.8367
nuscenes_mini_subset,scene-1094_004,1,Car,0,0.0,24.19,mid,264.3,27,yaw,1.0,0.8148,27.6682
nuscenes_mini_subset,scene-1094_004,5,Car,0,0.0,8.48,near,438.0,367,yaw,1.0,0.9864,24.7108
nuscenes_mini_subset,scene-1094_004,9,Car,1,0.522,32.27,far,116.8,12,yaw,1.0,0.25,30.9275
nuscenes_mini_subset,scene-1094_004,12,Car,0,0.947,8.46,near,46.2,278,yaw,1.0,0.0468,32.0246
nuscenes_mini_subset,scene-1094_004,16,Car,0,0.0,29.87,mid,321.6,68,yaw,1.0,0.9706,25.4638
nuscenes_mini_subset,scene-1094_004,0,personal_mobility,0,0.14,8.96,near,243.9,37,yaw,2.0,0.973,62.303
nuscenes_mini_subset,scene-1094_004,1,Car,0,0.0,24.19,mid,264.3,27,yaw,2.0,0.7778,55.8048
nuscenes_mini_subset,scene-1094_004,5,Car,0,0.0,8.48,near,438.0,367,yaw,2.0,0.9455,49.5052
nuscenes_mini_subset,scene-1094_004,9,Car,1,0.522,32.27,far,116.8,12,yaw,2.0,0.0833,62.0784
nuscenes_mini_subset,scene-1094_004,12,Car,0,0.947,8.46,near,46.2,278,yaw,2.0,0.0504,63.3823
nuscenes_mini_subset,scene-1094_004,16,Car,0,0.0,29.87,mid,321.6,68,yaw,2.0,0.9265,51.2563
nuscenes_mini_subset,scene-1094_004,0,personal_mobility,0,0.14,8.96,near,243.9,37,yaw,3.0,0.973,94.4418
nuscenes_mini_subset,scene-1094_004,1,Car,0,0.0,24.19,mid,264.3,27,yaw,3.0,0.7778,84.1394
nuscenes_mini_subset,scene-1094_004,5,Car,0,0.0,8.48,near,438.0,367,yaw,3.0,0.8774,74.3936
nuscenes_mini_subset,scene-1094_004,9,Car,1,0.522,32.27,far,116.8,12,yaw,3.0,0.0,
nuscenes_mini_subset,scene-1094_004,12,Car,0,0.947,8.46,near,46.2,278,yaw,3.0,0.0647,94.1139
nuscenes_mini_subset,scene-1094_004,16,Car,0,0.0,29.87,mid,321.6,68,yaw,3.0,0.8824,77.4006
nuscenes_mini_subset,scene-1094_004,0,personal_mobility,0,0.14,8.96,near,243.9,37,tx,0.0,1.0,0.0
nuscenes_mini_subset,scene-1094_004,1,Car,0,0.0,24.19,mid,264.3,27,tx,0.0,1.0,0.0
nuscenes_mini_subset,scene-1094_004,5,Car,0,0.0,8.48,near,438.0,367,tx,0.0,1.0,0.0
nuscenes_mini_subset,scene-1094_004,9,Car,1,0.522,32.27,far,116.8,12,tx,0.0,0.5,0.0
nuscenes_mini_subset,scene-1094_004,12,Car,0,0.947,8.46,near,46.2,278,tx,0.0,0.0396,0.0
nuscenes_mini_subset,scene-1094_004,16,Car,0,0.0,29.87,mid,321.6,68,tx,0.0,1.0,0.0
nuscenes_mini_subset,scene-1094_004,0,personal_mobility,0,0.14,8.96,near,243.9,37,tx,0.02,1.0,3.1961
nuscenes_mini_subset,scene-1094_004,1,Car,0,0.0,24.19,mid,264.3,27,tx,0.02,1.0,1.2374
nuscenes_mini_subset,scene-1094_004,5,Car,0,0.0,8.48,near,438.0,367,tx,0.02,1.0,3.7879
nuscenes_mini_subset,scene-1094_004,9,Car,1,0.522,32.27,far,116.8,12,tx,0.02,0.5,0.9639
nuscenes_mini_subset,scene-1094_004,12,Car,0,0.947,8.46,near,46.2,278,tx,0.02,0.0324,3.0962
nuscenes_mini_subset,scene-1094_004,16,Car,0,0.0,29.87,mid,321.6,68,tx,0.02,1.0,0.9387
nuscenes_mini_subset,scene-1094_004,0,personal_mobility,0,0.14,8.96,near,243.9,37,tx,0.05,1.0,7.9904
nuscenes_mini_subset,scene-1094_004,1,Car,0,0.0,24.19,mid,264.3,27,tx,0.05,1.0,3.0934
nuscenes_mini_subset,scene-1094_004,5,Car,0,0.0,8.48,near,438.0,367,tx,0.05,1.0,9.4699
nuscenes_mini_subset,scene-1094_004,9,Car,1,0.522,32.27,far,116.8,12,tx,0.05,0.5,2.4099
nuscenes_mini_subset,scene-1094_004,12,Car,0,0.947,8.46,near,46.2,278,tx,0.05,0.0324,7.7405
nuscenes_mini_subset,scene-1094_004,16,Car,0,0.0,29.87,mid,321.6,68,tx,0.05,1.0,2.3467
nuscenes_mini_subset,scene-1094_004,0,personal_mobility,0,0.14,8.96,near,243.9,37,tx,0.1,1.0,15.9812
nuscenes_mini_subset,scene-1094_004,1,Car,0,0.0,24.19,mid,264.3,27,tx,0.1,1.0,6.1868
nuscenes_mini_subset,scene-1094_004,5,Car,0,0.0,8.48,near,438.0,367,tx,0.1,1.0,18.9404
nuscenes_mini_subset,scene-1094_004,9,Car,1,0.522,32.27,far,116.8,12,tx,0.1,0.5,4.8198
nuscenes_mini_subset,scene-1094_004,12,Car,0,0.947,8.46,near,46.2,278,tx,0.1,0.0216,15.3837
nuscenes_mini_subset,scene-1094_004,16,Car,0,0.0,29.87,mid,321.6,68,tx,0.1,1.0,4.6934
nuscenes_mini_subset,scene-1094_004,0,personal_mobility,0,0.14,8.96,near,243.9,37,ty,0.0,1.0,0.0
nuscenes_mini_subset,scene-1094_004,1,Car,0,0.0,24.19,mid,264.3,27,ty,0.0,1.0,0.0
nuscenes_mini_subset,scene-1094_004,5,Car,0,0.0,8.48,near,438.0,367,ty,0.0,1.0,0.0
nuscenes_mini_subset,scene-1094_004,9,Car,1,0.522,32.27,far,116.8,12,ty,0.0,0.5,0.0
nuscenes_mini_subset,scene-1094_004,12,Car,0,0.947,8.46,near,46.2,278,ty,0.0,0.0396,0.0
nuscenes_mini_subset,scene-1094_004,16,Car,0,0.0,29.87,mid,321.6,68,ty,0.0,1.0,0.0
nuscenes_mini_subset,scene-1094_004,0,personal_mobility,0,0.14,8.96,near,243.9,37,ty,0.02,1.0,1.7703
nuscenes_mini_subset,scene-1094_004,1,Car,0,0.0,24.19,mid,264.3,27,ty,0.02,1.0,0.5802
nuscenes_mini_subset,scene-1094_004,5,Car,0,0.0,8.48,near,438.0,367,ty,0.02,1.0,0.6309
nuscenes_mini_subset,scene-1094_004,9,Car,1,0.522,32.27,far,116.8,12,ty,0.02,0.5,0.5968
nuscenes_mini_subset,scene-1094_004,12,Car,0,0.947,8.46,near,46.2,278,ty,0.02,0.0432,1.9551
nuscenes_mini_subset,scene-1094_004,16,Car,0,0.0,29.87,mid,321.6,68,ty,0.02,1.0,0.327
nuscenes_mini_subset,scene-1094_004,0,personal_mobility,0,0.14,8.96,near,243.9,37,ty,0.05,1.0,4.4091
nuscenes_mini_subset,scene-1094_004,1,Car,0,0.0,24.19,mid,264.3,27,ty,0.05,1.0,1.4484
nuscenes_mini_subset,scene-1094_004,5,Car,0,0.0,8.48,near,438.0,367,ty,0.05,1.0,1.571
nuscenes_mini_subset,scene-1094_004,9,Car,1,0.522,32.27,far,116.8,12,ty,0.05,0.5,1.4903
nuscenes_mini_subset,scene-1094_004,12,Car,0,0.947,8.46,near,46.2,278,ty,0.05,0.0468,4.8695
nuscenes_mini_subset,scene-1094_004,16,Car,0,0.0,29.87,mid,321.6,68,ty,0.05,1.0,0.8167
nuscenes_mini_subset,scene-1094_004,0,personal_mobility,0,0.14,8.96,near,243.9,37,ty,0.1,1.0,8.7633
nuscenes_mini_subset,scene-1094_004,1,Car,0,0.0,24.19,mid,264.3,27,ty,0.1,1.0,2.8895
nuscenes_mini_subset,scene-1094_004,5,Car,0,0.0,8.48,near,438.0,367,ty,0.1,1.0,3.1184
nuscenes_mini_subset,scene-1094_004,9,Car,1,0.522,32.27,far,116.8,12,ty,0.1,0.5,2.975
nuscenes_mini_subset,scene-1094_004,12,Car,0,0.947,8.46,near,46.2,278,ty,0.1,0.0432,9.6784
nuscenes_mini_subset,scene-1094_004,16,Car,0,0.0,29.87,mid,321.6,68,ty,0.1,1.0,1.6303
nuscenes_mini_subset,scene-1094_008,0,Car,0,0.427,20.43,mid,187.2,72,yaw,0.0,0.4306,0.0
nuscenes_mini_subset,scene-1094_008,4,Car,0,0.034,7.94,near,610.5,481,yaw,0.0,1.0,0.0
nuscenes_mini_subset,scene-1094_008,8,Car,1,0.0,29.19,mid,214.2,18,yaw,0.0,1.0,0.0
nuscenes_mini_subset,scene-1094_008,12,Car,2,0.0,25.83,mid,387.2,62,yaw,0.0,1.0,0.0
nuscenes_mini_subset,scene-1094_008,13,Pedestrian,0,0.0,12.27,near,131.6,20,yaw,0.0,1.0,0.0
nuscenes_mini_subset,scene-1094_008,0,Car,0,0.427,20.43,mid,187.2,72,yaw,0.5,0.3611,15.4286
nuscenes_mini_subset,scene-1094_008,4,Car,0,0.034,7.94,near,610.5,481,yaw,0.5,0.9979,14.0718
nuscenes_mini_subset,scene-1094_008,8,Car,1,0.0,29.19,mid,214.2,18,yaw,0.5,1.0,11.6024
nuscenes_mini_subset,scene-1094_008,12,Car,2,0.0,25.83,mid,387.2,62,yaw,0.5,1.0,13.6702
nuscenes_mini_subset,scene-1094_008,13,Pedestrian,0,0.0,12.27,near,131.6,20,yaw,0.5,1.0,11.821
nuscenes_mini_subset,scene-1094_008,0,Car,0,0.427,20.43,mid,187.2,72,yaw,1.0,0.3194,30.9139
nuscenes_mini_subset,scene-1094_008,4,Car,0,0.034,7.94,near,610.5,481,yaw,1.0,0.9854,28.2283
nuscenes_mini_subset,scene-1094_008,8,Car,1,0.0,29.19,mid,214.2,18,yaw,1.0,0.8889,23.2388
nuscenes_mini_subset,scene-1094_008,12,Car,2,0.0,25.83,mid,387.2,62,yaw,1.0,0.9839,27.4523
nuscenes_mini_subset,scene-1094_008,13,Pedestrian,0,0.0,12.27,near,131.6,20,yaw,1.0,1.0,23.6671
nuscenes_mini_subset,scene-1094_008,0,Car,0,0.427,20.43,mid,187.2,72,yaw,2.0,0.1944,61.6293
nuscenes_mini_subset,scene-1094_008,4,Car,0,0.034,7.94,near,610.5,481,yaw,2.0,0.9459,56.6219
nuscenes_mini_subset,scene-1094_008,8,Car,1,0.0,29.19,mid,214.2,18,yaw,2.0,0.6111,46.6216
nuscenes_mini_subset,scene-1094_008,12,Car,2,0.0,25.83,mid,387.2,62,yaw,2.0,0.9355,55.3664
nuscenes_mini_subset,scene-1094_008,13,Pedestrian,0,0.0,12.27,near,131.6,20,yaw,2.0,0.9,47.4433
nuscenes_mini_subset,scene-1094_008,0,Car,0,0.427,20.43,mid,187.2,72,yaw,3.0,0.0972,92.5291
nuscenes_mini_subset,scene-1094_008,4,Car,0,0.034,7.94,near,610.5,481,yaw,3.0,0.9064,85.187
nuscenes_mini_subset,scene-1094_008,8,Car,1,0.0,29.19,mid,214.2,18,yaw,3.0,0.3333,70.1646
nuscenes_mini_subset,scene-1094_008,12,Car,2,0.0,25.83,mid,387.2,62,yaw,3.0,0.8387,83.7412
nuscenes_mini_subset,scene-1094_008,13,Pedestrian,0,0.0,12.27,near,131.6,20,yaw,3.0,0.4,71.3451
nuscenes_mini_subset,scene-1094_008,0,Car,0,0.427,20.43,mid,187.2,72,tx,0.0,0.4306,0.0
nuscenes_mini_subset,scene-1094_008,4,Car,0,0.034,7.94,near,610.5,481,tx,0.0,1.0,0.0
nuscenes_mini_subset,scene-1094_008,8,Car,1,0.0,29.19,mid,214.2,18,tx,0.0,1.0,0.0
nuscenes_mini_subset,scene-1094_008,12,Car,2,0.0,25.83,mid,387.2,62,tx,0.0,1.0,0.0
nuscenes_mini_subset,scene-1094_008,13,Pedestrian,0,0.0,12.27,near,131.6,20,tx,0.0,1.0,0.0
nuscenes_mini_subset,scene-1094_008,0,Car,0,0.427,20.43,mid,187.2,72,tx,0.02,0.4306,1.5677
nuscenes_mini_subset,scene-1094_008,4,Car,0,0.034,7.94,near,610.5,481,tx,0.02,1.0,4.2501
nuscenes_mini_subset,scene-1094_008,8,Car,1,0.0,29.19,mid,214.2,18,tx,0.02,1.0,0.8879
nuscenes_mini_subset,scene-1094_008,12,Car,2,0.0,25.83,mid,387.2,62,tx,0.02,1.0,1.1091
nuscenes_mini_subset,scene-1094_008,13,Pedestrian,0,0.0,12.27,near,131.6,20,tx,0.02,1.0,2.1224
nuscenes_mini_subset,scene-1094_008,0,Car,0,0.427,20.43,mid,187.2,72,tx,0.05,0.4306,3.9192
nuscenes_mini_subset,scene-1094_008,4,Car,0,0.034,7.94,near,610.5,481,tx,0.05,1.0,10.6254
nuscenes_mini_subset,scene-1094_008,8,Car,1,0.0,29.19,mid,214.2,18,tx,0.05,1.0,2.2199
nuscenes_mini_subset,scene-1094_008,12,Car,2,0.0,25.83,mid,387.2,62,tx,0.05,1.0,2.7728
nuscenes_mini_subset,scene-1094_008,13,Pedestrian,0,0.0,12.27,near,131.6,20,tx,0.05,1.0,5.306
nuscenes_mini_subset,scene-1094_008,0,Car,0,0.427,20.43,mid,187.2,72,tx,0.1,0.4444,7.8386
nuscenes_mini_subset,scene-1094_008,4,Car,0,0.034,7.94,near,610.5,481,tx,0.1,1.0,21.2515
nuscenes_mini_subset,scene-1094_008,8,Car,1,0.0,29.19,mid,214.2,18,tx,0.1,1.0,4.4397
nuscenes_mini_subset,scene-1094_008,12,Car,2,0.0,25.83,mid,387.2,62,tx,0.1,1.0,5.5456
nuscenes_mini_subset,scene-1094_008,13,Pedestrian,0,0.0,12.27,near,131.6,20,tx,0.1,1.0,10.6122
nuscenes_mini_subset,scene-1094_008,0,Car,0,0.427,20.43,mid,187.2,72,ty,0.0,0.4306,0.0
nuscenes_mini_subset,scene-1094_008,4,Car,0,0.034,7.94,near,610.5,481,ty,0.0,1.0,0.0
nuscenes_mini_subset,scene-1094_008,8,Car,1,0.0,29.19,mid,214.2,18,ty,0.0,1.0,0.0
nuscenes_mini_subset,scene-1094_008,12,Car,2,0.0,25.83,mid,387.2,62,ty,0.0,1.0,0.0
nuscenes_mini_subset,scene-1094_008,13,Pedestrian,0,0.0,12.27,near,131.6,20,ty,0.0,1.0,0.0
nuscenes_mini_subset,scene-1094_008,0,Car,0,0.427,20.43,mid,187.2,72,ty,0.02,0.4306,0.9478
nuscenes_mini_subset,scene-1094_008,4,Car,0,0.034,7.94,near,610.5,481,ty,0.02,1.0,1.84
nuscenes_mini_subset,scene-1094_008,8,Car,1,0.0,29.19,mid,214.2,18,ty,0.02,1.0,0.144
nuscenes_mini_subset,scene-1094_008,12,Car,2,0.0,25.83,mid,387.2,62,ty,0.02,1.0,0.5081
nuscenes_mini_subset,scene-1094_008,13,Pedestrian,0,0.0,12.27,near,131.6,20,ty,0.02,1.0,0.2631
nuscenes_mini_subset,scene-1094_008,0,Car,0,0.427,20.43,mid,187.2,72,ty,0.05,0.4306,2.365
nuscenes_mini_subset,scene-1094_008,4,Car,0,0.034,7.94,near,610.5,481,ty,0.05,1.0,4.5753
nuscenes_mini_subset,scene-1094_008,8,Car,1,0.0,29.19,mid,214.2,18,ty,0.05,1.0,0.3597
nuscenes_mini_subset,scene-1094_008,12,Car,2,0.0,25.83,mid,387.2,62,ty,0.05,1.0,1.2686
nuscenes_mini_subset,scene-1094_008,13,Pedestrian,0,0.0,12.27,near,131.6,20,ty,0.05,1.0,0.6562
nuscenes_mini_subset,scene-1094_008,0,Car,0,0.427,20.43,mid,187.2,72,ty,0.1,0.4306,4.7151
nuscenes_mini_subset,scene-1094_008,4,Car,0,0.034,7.94,near,610.5,481,ty,0.1,1.0,9.0698
nuscenes_mini_subset,scene-1094_008,8,Car,1,0.0,29.19,mid,214.2,18,ty,0.1,1.0,0.7181
nuscenes_mini_subset,scene-1094_008,12,Car,2,0.0,25.83,mid,387.2,62,ty,0.1,1.0,2.5317
nuscenes_mini_subset,scene-1094_008,13,Pedestrian,0,0.0,12.27,near,131.6,20,ty,0.1,1.0,1.307
nuscenes_mini_subset,scene-1094_012,0,Car,0,0.0,15.87,mid,306.7,137,yaw,0.0,1.0,0.0
nuscenes_mini_subset,scene-1094_012,6,Car,0,0.853,10.73,near,78.9,238,yaw,0.0,0.084,0.0
nuscenes_mini_subset,scene-1094_012,9,Car,2,0.0,24.46,mid,248.6,15,yaw,0.0,1.0,0.0
nuscenes_mini_subset,scene-1094_012,10,Car,0,0.0,23.91,mid,270.2,31,yaw,0.0,1.0,0.0
nuscenes_mini_subset,scene-1094_012,11,Car,2,0.0,18.66,mid,340.7,34,yaw,0.0,1.0,0.0
nuscenes_mini_subset,scene-1094_012,12,Car,0,0.0,20.73,mid,405.2,121,yaw,0.0,1.0,0.0
nuscenes_mini_subset,scene-1094_012,13,Pedestrian,0,0.0,8.71,near,221.9,49,yaw,0.0,1.0,0.0
nuscenes_mini_subset,scene-1094_012,0,Car,0,0.0,15.87,mid,306.7,137,yaw,0.5,0.9927,13.2095
nuscenes_mini_subset,scene-1094_012,6,Car,0,0.853,10.73,near,78.9,238,yaw,0.5,0.0462,16.4247
nuscenes_mini_subset,scene-1094_012,9,Car,2,0.0,24.46,mid,248.6,15,yaw,0.5,1.0,14.331
nuscenes_mini_subset,scene-1094_012,10,Car,0,0.0,23.91,mid,270.2,31,yaw,0.5,1.0,11.882
nuscenes_mini_subset,scene-1094_012,11,Car,2,0.0,18.66,mid,340.7,34,yaw,0.5,1.0,11.9845
nuscenes_mini_subset,scene-1094_012,12,Car,0,0.0,20.73,mid,405.2,121,yaw,0.5,1.0,11.6459
nuscenes_mini_subset,scene-1094_012,13,Pedestrian,0,0.0,8.71,near,221.9,49,yaw,0.5,1.0,14.096
nuscenes_mini_subset,scene-1094_012,0,Car,0,0.0,15.87,mid,306.7,137,yaw,1.0,0.9708,26.5092
nuscenes_mini_subset,scene-1094_012,6,Car,0,0.853,10.73,near,78.9,238,yaw,1.0,0.021,32.8034
nuscenes_mini_subset,scene-1094_012,9,Car,2,0.0,24.46,mid,248.6,15,yaw,1.0,0.9333,28.7945
nuscenes_mini_subset,scene-1094_012,10,Car,0,0.0,23.91,mid,270.2,31,yaw,1.0,1.0,23.7202
nuscenes_mini_subset,scene-1094_012,11,Car,2,0.0,18.66,mid,340.7,34,yaw,1.0,1.0,24.0143
nuscenes_mini_subset,scene-1094_012,12,Car,0,0.0,20.73,mid,405.2,121,yaw,1.0,1.0,23.3212
nuscenes_mini_subset,scene-1094_012,13,Pedestrian,0,0.0,8.71,near,221.9,49,yaw,1.0,1.0,28.083
nuscenes_mini_subset,scene-1094_012,0,Car,0,0.0,15.87,mid,306.7,137,yaw,2.0,0.8686,53.3916
nuscenes_mini_subset,scene-1094_012,6,Car,0,0.853,10.73,near,78.9,238,yaw,2.0,0.0,
nuscenes_mini_subset,scene-1094_012,9,Car,2,0.0,24.46,mid,248.6,15,yaw,2.0,0.6,58.1355
nuscenes_mini_subset,scene-1094_012,10,Car,0,0.0,23.91,mid,270.2,31,yaw,2.0,0.9355,47.2734
nuscenes_mini_subset,scene-1094_012,11,Car,2,0.0,18.66,mid,340.7,34,yaw,2.0,1.0,48.2188
nuscenes_mini_subset,scene-1094_012,12,Car,0,0.0,20.73,mid,405.2,121,yaw,2.0,0.9752,46.7677
nuscenes_mini_subset,scene-1094_012,13,Pedestrian,0,0.0,8.71,near,221.9,49,yaw,2.0,0.9184,55.7443
nuscenes_mini_subset,scene-1094_012,0,Car,0,0.0,15.87,mid,306.7,137,yaw,3.0,0.7372,80.6731
nuscenes_mini_subset,scene-1094_012,6,Car,0,0.853,10.73,near,78.9,238,yaw,3.0,0.0,
nuscenes_mini_subset,scene-1094_012,9,Car,2,0.0,24.46,mid,248.6,15,yaw,3.0,0.4,88.0578
nuscenes_mini_subset,scene-1094_012,10,Car,0,0.0,23.91,mid,270.2,31,yaw,3.0,0.7742,70.6762
nuscenes_mini_subset,scene-1094_012,11,Car,2,0.0,18.66,mid,340.7,34,yaw,3.0,1.0,72.6315
nuscenes_mini_subset,scene-1094_012,12,Car,0,0.0,20.73,mid,405.2,121,yaw,3.0,0.9174,70.3556
nuscenes_mini_subset,scene-1094_012,13,Pedestrian,0,0.0,8.71,near,221.9,49,yaw,3.0,0.6735,83.0115
nuscenes_mini_subset,scene-1094_012,0,Car,0,0.0,15.87,mid,306.7,137,tx,0.0,1.0,0.0
nuscenes_mini_subset,scene-1094_012,6,Car,0,0.853,10.73,near,78.9,238,tx,0.0,0.084,0.0
nuscenes_mini_subset,scene-1094_012,9,Car,2,0.0,24.46,mid,248.6,15,tx,0.0,1.0,0.0
nuscenes_mini_subset,scene-1094_012,10,Car,0,0.0,23.91,mid,270.2,31,tx,0.0,1.0,0.0
nuscenes_mini_subset,scene-1094_012,11,Car,2,0.0,18.66,mid,340.7,34,tx,0.0,1.0,0.0
nuscenes_mini_subset,scene-1094_012,12,Car,0,0.0,20.73,mid,405.2,121,tx,0.0,1.0,0.0
nuscenes_mini_subset,scene-1094_012,13,Pedestrian,0,0.0,8.71,near,221.9,49,tx,0.0,1.0,0.0
nuscenes_mini_subset,scene-1094_012,0,Car,0,0.0,15.87,mid,306.7,137,tx,0.02,1.0,1.8384
nuscenes_mini_subset,scene-1094_012,6,Car,0,0.853,10.73,near,78.9,238,tx,0.02,0.0882,3.3408
nuscenes_mini_subset,scene-1094_012,9,Car,2,0.0,24.46,mid,248.6,15,tx,0.02,1.0,1.1685
nuscenes_mini_subset,scene-1094_012,10,Car,0,0.0,23.91,mid,270.2,31,tx,0.02,1.0,1.1077
nuscenes_mini_subset,scene-1094_012,11,Car,2,0.0,18.66,mid,340.7,34,tx,0.02,1.0,1.5018
nuscenes_mini_subset,scene-1094_012,12,Car,0,0.0,20.73,mid,405.2,121,tx,0.02,1.0,1.3061
nuscenes_mini_subset,scene-1094_012,13,Pedestrian,0,0.0,8.71,near,221.9,49,tx,0.02,1.0,3.158
nuscenes_mini_subset,scene-1094_012,0,Car,0,0.0,15.87,mid,306.7,137,tx,0.05,1.0,4.5958
nuscenes_mini_subset,scene-1094_012,6,Car,0,0.853,10.73,near,78.9,238,tx,0.05,0.105,8.3517
nuscenes_mini_subset,scene-1094_012,9,Car,2,0.0,24.46,mid,248.6,15,tx,0.05,1.0,2.9213
nuscenes_mini_subset,scene-1094_012,10,Car,0,0.0,23.91,mid,270.2,31,tx,0.05,1.0,2.7693
nuscenes_mini_subset,scene-1094_012,11,Car,2,0.0,18.66,mid,340.7,34,tx,0.05,1.0,3.7545
nuscenes_mini_subset,scene-1094_012,12,Car,0,0.0,20.73,mid,405.2,121,tx,0.05,1.0,3.2653
nuscenes_mini_subset,scene-1094_012,13,Pedestrian,0,0.0,8.71,near,221.9,49,tx,0.05,1.0,7.8948
nuscenes_mini_subset,scene-1094_012,0,Car,0,0.0,15.87,mid,306.7,137,tx,0.1,1.0,9.1913
nuscenes_mini_subset,scene-1094_012,6,Car,0,0.853,10.73,near,78.9,238,tx,0.1,0.1176,16.7026
nuscenes_mini_subset,scene-1094_012,9,Car,2,0.0,24.46,mid,248.6,15,tx,0.1,1.0,5.8424
nuscenes_mini_subset,scene-1094_012,10,Car,0,0.0,23.91,mid,270.2,31,tx,0.1,1.0,5.5385
nuscenes_mini_subset,scene-1094_012,11,Car,2,0.0,18.66,mid,340.7,34,tx,0.1,1.0,7.5088
nuscenes_mini_subset,scene-1094_012,12,Car,0,0.0,20.73,mid,405.2,121,tx,0.1,1.0,6.5305
nuscenes_mini_subset,scene-1094_012,13,Pedestrian,0,0.0,8.71,near,221.9,49,tx,0.1,1.0,15.7887
nuscenes_mini_subset,scene-1094_012,0,Car,0,0.0,15.87,mid,306.7,137,ty,0.0,1.0,0.0
nuscenes_mini_subset,scene-1094_012,6,Car,0,0.853,10.73,near,78.9,238,ty,0.0,0.084,0.0
nuscenes_mini_subset,scene-1094_012,9,Car,2,0.0,24.46,mid,248.6,15,ty,0.0,1.0,0.0
nuscenes_mini_subset,scene-1094_012,10,Car,0,0.0,23.91,mid,270.2,31,ty,0.0,1.0,0.0
nuscenes_mini_subset,scene-1094_012,11,Car,2,0.0,18.66,mid,340.7,34,ty,0.0,1.0,0.0
nuscenes_mini_subset,scene-1094_012,12,Car,0,0.0,20.73,mid,405.2,121,ty,0.0,1.0,0.0
nuscenes_mini_subset,scene-1094_012,13,Pedestrian,0,0.0,8.71,near,221.9,49,ty,0.0,1.0,0.0
nuscenes_mini_subset,scene-1094_012,0,Car,0,0.0,15.87,mid,306.7,137,ty,0.02,1.0,0.7065
nuscenes_mini_subset,scene-1094_012,6,Car,0,0.853,10.73,near,78.9,238,ty,0.02,0.0882,2.0617
nuscenes_mini_subset,scene-1094_012,9,Car,2,0.0,24.46,mid,248.6,15,ty,0.02,1.0,0.5773
nuscenes_mini_subset,scene-1094_012,10,Car,0,0.0,23.91,mid,270.2,31,ty,0.02,1.0,0.2526
nuscenes_mini_subset,scene-1094_012,11,Car,2,0.0,18.66,mid,340.7,34,ty,0.02,1.0,0.2934
nuscenes_mini_subset,scene-1094_012,12,Car,0,0.0,20.73,mid,405.2,121,ty,0.02,1.0,0.1712
nuscenes_mini_subset,scene-1094_012,13,Pedestrian,0,0.0,8.71,near,221.9,49,ty,0.02,1.0,1.4412
nuscenes_mini_subset,scene-1094_012,0,Car,0,0.0,15.87,mid,306.7,137,ty,0.05,1.0,1.7622
nuscenes_mini_subset,scene-1094_012,6,Car,0,0.853,10.73,near,78.9,238,ty,0.05,0.0924,5.1342
nuscenes_mini_subset,scene-1094_012,9,Car,2,0.0,24.46,mid,248.6,15,ty,0.05,1.0,1.4413
nuscenes_mini_subset,scene-1094_012,10,Car,0,0.0,23.91,mid,270.2,31,ty,0.05,1.0,0.6307
nuscenes_mini_subset,scene-1094_012,11,Car,2,0.0,18.66,mid,340.7,34,ty,0.05,1.0,0.7322
nuscenes_mini_subset,scene-1094_012,12,Car,0,0.0,20.73,mid,405.2,121,ty,0.05,1.0,0.4274
nuscenes_mini_subset,scene-1094_012,13,Pedestrian,0,0.0,8.71,near,221.9,49,ty,0.05,1.0,3.5896
nuscenes_mini_subset,scene-1094_012,0,Car,0,0.0,15.87,mid,306.7,137,ty,0.1,1.0,3.511
nuscenes_mini_subset,scene-1094_012,6,Car,0,0.853,10.73,near,78.9,238,ty,0.1,0.1134,10.2018
nuscenes_mini_subset,scene-1094_012,9,Car,2,0.0,24.46,mid,248.6,15,ty,0.1,1.0,2.876
nuscenes_mini_subset,scene-1094_012,10,Car,0,0.0,23.91,mid,270.2,31,ty,0.1,1.0,1.2587
nuscenes_mini_subset,scene-1094_012,11,Car,2,0.0,18.66,mid,340.7,34,ty,0.1,1.0,1.4603
nuscenes_mini_subset,scene-1094_012,12,Car,0,0.0,20.73,mid,405.2,121,ty,0.1,1.0,0.8525
nuscenes_mini_subset,scene-1094_012,13,Pedestrian,0,0.0,8.71,near,221.9,49,ty,0.1,1.0,7.1348
nuscenes_mini_subset,scene-1094_016,0,Car,0,0.967,9.18,near,40.5,481,yaw,0.0,0.0312,0.0
nuscenes_mini_subset,scene-1094_016,1,Car,0,0.0,24.05,mid,221.1,22,yaw,0.0,1.0,0.0
nuscenes_mini_subset,scene-1094_016,2,Car,2,0.0,28.35,mid,168.9,20,yaw,0.0,1.0,0.0
nuscenes_mini_subset,scene-1094_016,3,Car,2,0.0,34.21,far,157.9,17,yaw,0.0,1.0,0.0
nuscenes_mini_subset,scene-1094_016,4,Car,0,0.0,15.91,mid,191.1,72,yaw,0.0,1.0,0.0
nuscenes_mini_subset,scene-1094_016,5,Car,0,0.334,17.51,mid,265.1,23,yaw,0.0,1.0,0.0
nuscenes_mini_subset,scene-1094_016,0,Car,0,0.967,9.18,near,40.5,481,yaw,0.5,0.0457,15.8002
nuscenes_mini_subset,scene-1094_016,1,Car,0,0.0,24.05,mid,221.1,22,yaw,0.5,1.0,12.3312
nuscenes_mini_subset,scene-1094_016,2,Car,2,0.0,28.35,mid,168.9,20,yaw,0.5,1.0,12.9925
nuscenes_mini_subset,scene-1094_016,3,Car,2,0.0,34.21,far,157.9,17,yaw,0.5,1.0,11.8458
nuscenes_mini_subset,scene-1094_016,4,Car,0,0.0,15.91,mid,191.1,72,yaw,0.5,0.9861,11.564
nuscenes_mini_subset,scene-1094_016,5,Car,0,0.334,17.51,mid,265.1,23,yaw,0.5,1.0,14.7132
nuscenes_mini_subset,scene-1094_016,0,Car,0,0.967,9.18,near,40.5,481,yaw,1.0,0.0374,31.4333
nuscenes_mini_subset,scene-1094_016,1,Car,0,0.0,24.05,mid,221.1,22,yaw,1.0,1.0,24.5991
nuscenes_mini_subset,scene-1094_016,2,Car,2,0.0,28.35,mid,168.9,20,yaw,1.0,1.0,25.8971
nuscenes_mini_subset,scene-1094_016,3,Car,2,0.0,34.21,far,157.9,17,yaw,1.0,0.8235,23.644
nuscenes_mini_subset,scene-1094_016,4,Car,0,0.0,15.91,mid,191.1,72,yaw,1.0,0.9444,23.1398
nuscenes_mini_subset,scene-1094_016,5,Car,0,0.334,17.51,mid,265.1,23,yaw,1.0,1.0,29.2884
nuscenes_mini_subset,scene-1094_016,0,Car,0,0.967,9.18,near,40.5,481,yaw,2.0,0.0499,62.2181
nuscenes_mini_subset,scene-1094_016,1,Car,0,0.0,24.05,mid,221.1,22,yaw,2.0,0.8636,48.9544
nuscenes_mini_subset,scene-1094_016,2,Car,2,0.0,28.35,mid,168.9,20,yaw,2.0,0.95,51.4539
nuscenes_mini_subset,scene-1094_016,3,Car,2,0.0,34.21,far,157.9,17,yaw,2.0,0.5294,47.106
nuscenes_mini_subset,scene-1094_016,4,Car,0,0.0,15.91,mid,191.1,72,yaw,2.0,0.8472,46.3346
nuscenes_mini_subset,scene-1094_016,5,Car,0,0.334,17.51,mid,265.1,23,yaw,2.0,0.9565,58.0413
nuscenes_mini_subset,scene-1094_016,0,Car,0,0.967,9.18,near,40.5,481,yaw,3.0,0.0644,92.3939
nuscenes_mini_subset,scene-1094_016,1,Car,0,0.0,24.05,mid,221.1,22,yaw,3.0,0.7273,73.0847
nuscenes_mini_subset,scene-1094_016,2,Car,2,0.0,28.35,mid,168.9,20,yaw,3.0,0.55,76.693
nuscenes_mini_subset,scene-1094_016,3,Car,2,0.0,34.21,far,157.9,17,yaw,3.0,0.3529,70.4026
nuscenes_mini_subset,scene-1094_016,4,Car,0,0.0,15.91,mid,191.1,72,yaw,3.0,0.7361,69.5999
nuscenes_mini_subset,scene-1094_016,5,Car,0,0.334,17.51,mid,265.1,23,yaw,3.0,0.9565,86.2914
nuscenes_mini_subset,scene-1094_016,0,Car,0,0.967,9.18,near,40.5,481,tx,0.0,0.0312,0.0
nuscenes_mini_subset,scene-1094_016,1,Car,0,0.0,24.05,mid,221.1,22,tx,0.0,1.0,0.0
nuscenes_mini_subset,scene-1094_016,2,Car,2,0.0,28.35,mid,168.9,20,tx,0.0,1.0,0.0
nuscenes_mini_subset,scene-1094_016,3,Car,2,0.0,34.21,far,157.9,17,tx,0.0,1.0,0.0
nuscenes_mini_subset,scene-1094_016,4,Car,0,0.0,15.91,mid,191.1,72,tx,0.0,1.0,0.0
nuscenes_mini_subset,scene-1094_016,5,Car,0,0.334,17.51,mid,265.1,23,tx,0.0,1.0,0.0
nuscenes_mini_subset,scene-1094_016,0,Car,0,0.967,9.18,near,40.5,481,tx,0.02,0.0208,2.7624
nuscenes_mini_subset,scene-1094_016,1,Car,0,0.0,24.05,mid,221.1,22,tx,0.02,1.0,1.1853
nuscenes_mini_subset,scene-1094_016,2,Car,2,0.0,28.35,mid,168.9,20,tx,0.02,1.0,1.0227
nuscenes_mini_subset,scene-1094_016,3,Car,2,0.0,34.21,far,157.9,17,tx,0.02,1.0,0.7719
nuscenes_mini_subset,scene-1094_016,4,Car,0,0.0,15.91,mid,191.1,72,tx,0.02,1.0,1.8111
nuscenes_mini_subset,scene-1094_016,5,Car,0,0.334,17.51,mid,265.1,23,tx,0.02,1.0,1.766
nuscenes_mini_subset,scene-1094_016,0,Car,0,0.967,9.18,near,40.5,481,tx,0.05,0.0208,6.9058
nuscenes_mini_subset,scene-1094_016,1,Car,0,0.0,24.05,mid,221.1,22,tx,0.05,1.0,2.9633
nuscenes_mini_subset,scene-1094_016,2,Car,2,0.0,28.35,mid,168.9,20,tx,0.05,1.0,2.5568
nuscenes_mini_subset,scene-1094_016,3,Car,2,0.0,34.21,far,157.9,17,tx,0.05,1.0,1.9297
nuscenes_mini_subset,scene-1094_016,4,Car,0,0.0,15.91,mid,191.1,72,tx,0.05,1.0,4.5276
nuscenes_mini_subset,scene-1094_016,5,Car,0,0.334,17.51,mid,265.1,23,tx,0.05,1.0,4.4151
nuscenes_mini_subset,scene-1094_016,0,Car,0,0.967,9.18,near,40.5,481,tx,0.1,0.0104,13.706
nuscenes_mini_subset,scene-1094_016,1,Car,0,0.0,24.05,mid,221.1,22,tx,0.1,1.0,5.9266
nuscenes_mini_subset,scene-1094_016,2,Car,2,0.0,28.35,mid,168.9,20,tx,0.1,1.0,5.1136
nuscenes_mini_subset,scene-1094_016,3,Car,2,0.0,34.21,far,157.9,17,tx,0.1,1.0,3.8593
nuscenes_mini_subset,scene-1094_016,4,Car,0,0.0,15.91,mid,191.1,72,tx,0.1,0.9861,9.0551
nuscenes_mini_subset,scene-1094_016,5,Car,0,0.334,17.51,mid,265.1,23,tx,0.1,1.0,8.83
nuscenes_mini_subset,scene-1094_016,0,Car,0,0.967,9.18,near,40.5,481,ty,0.0,0.0312,0.0
nuscenes_mini_subset,scene-1094_016,1,Car,0,0.0,24.05,mid,221.1,22,ty,0.0,1.0,0.0
nuscenes_mini_subset,scene-1094_016,2,Car,2,0.0,28.35,mid,168.9,20,ty,0.0,1.0,0.0
nuscenes_mini_subset,scene-1094_016,3,Car,2,0.0,34.21,far,157.9,17,ty,0.0,1.0,0.0
nuscenes_mini_subset,scene-1094_016,4,Car,0,0.0,15.91,mid,191.1,72,ty,0.0,1.0,0.0
nuscenes_mini_subset,scene-1094_016,5,Car,0,0.334,17.51,mid,265.1,23,ty,0.0,1.0,0.0
nuscenes_mini_subset,scene-1094_016,0,Car,0,0.967,9.18,near,40.5,481,ty,0.02,0.0333,1.7242
nuscenes_mini_subset,scene-1094_016,1,Car,0,0.0,24.05,mid,221.1,22,ty,0.02,1.0,0.3624
nuscenes_mini_subset,scene-1094_016,2,Car,2,0.0,28.35,mid,168.9,20,ty,0.02,1.0,0.404
nuscenes_mini_subset,scene-1094_016,3,Car,2,0.0,34.21,far,157.9,17,ty,0.02,1.0,0.1921
nuscenes_mini_subset,scene-1094_016,4,Car,0,0.0,15.91,mid,191.1,72,ty,0.02,1.0,0.1333
nuscenes_mini_subset,scene-1094_016,5,Car,0,0.334,17.51,mid,265.1,23,ty,0.02,1.0,0.9728
nuscenes_mini_subset,scene-1094_016,0,Car,0,0.967,9.18,near,40.5,481,ty,0.05,0.0333,4.2962
nuscenes_mini_subset,scene-1094_016,1,Car,0,0.0,24.05,mid,221.1,22,ty,0.05,1.0,0.9047
nuscenes_mini_subset,scene-1094_016,2,Car,2,0.0,28.35,mid,168.9,20,ty,0.05,1.0,1.0088
nuscenes_mini_subset,scene-1094_016,3,Car,2,0.0,34.21,far,157.9,17,ty,0.05,1.0,0.4798
nuscenes_mini_subset,scene-1094_016,4,Car,0,0.0,15.91,mid,191.1,72,ty,0.05,1.0,0.3324
nuscenes_mini_subset,scene-1094_016,5,Car,0,0.334,17.51,mid,265.1,23,ty,0.05,1.0,2.4269
nuscenes_mini_subset,scene-1094_016,0,Car,0,0.967,9.18,near,40.5,481,ty,0.1,0.0333,8.5452
nuscenes_mini_subset,scene-1094_016,1,Car,0,0.0,24.05,mid,221.1,22,ty,0.1,1.0,1.8053
nuscenes_mini_subset,scene-1094_016,2,Car,2,0.0,28.35,mid,168.9,20,ty,0.1,1.0,2.0134
nuscenes_mini_subset,scene-1094_016,3,Car,2,0.0,34.21,far,157.9,17,ty,0.1,1.0,0.9582
nuscenes_mini_subset,scene-1094_016,4,Car,0,0.0,15.91,mid,191.1,72,ty,0.1,1.0,0.6625
nuscenes_mini_subset,scene-1094_016,5,Car,0,0.334,17.51,mid,265.1,23,ty,0.1,1.0,4.837
nuscenes_mini_subset,scene-1094_020,1,Car,2,0.529,23.83,mid,161.0,37,yaw,0.0,0.5676,0.0
nuscenes_mini_subset,scene-1094_020,3,Car,0,0.0,20.02,mid,129.1,37,yaw,0.0,1.0,0.0
nuscenes_mini_subset,scene-1094_020,4,Car,0,0.029,20.89,mid,265.5,25,yaw,0.0,1.0,0.0
nuscenes_mini_subset,scene-1094_020,1,Car,2,0.529,23.83,mid,161.0,37,yaw,0.5,0.6486,14.993
nuscenes_mini_subset,scene-1094_020,3,Car,0,0.0,20.02,mid,129.1,37,yaw,0.5,0.9189,11.3713
nuscenes_mini_subset,scene-1094_020,4,Car,0,0.029,20.89,mid,265.5,25,yaw,0.5,1.0,14.3464
nuscenes_mini_subset,scene-1094_020,1,Car,2,0.529,23.83,mid,161.0,37,yaw,1.0,0.7838,29.8362
nuscenes_mini_subset,scene-1094_020,3,Car,0,0.0,20.02,mid,129.1,37,yaw,1.0,0.8378,22.743
nuscenes_mini_subset,scene-1094_020,4,Car,0,0.029,20.89,mid,265.5,25,yaw,1.0,1.0,28.5637
nuscenes_mini_subset,scene-1094_020,1,Car,2,0.529,23.83,mid,161.0,37,yaw,2.0,0.8378,59.091
nuscenes_mini_subset,scene-1094_020,3,Car,0,0.0,20.02,mid,129.1,37,yaw,2.0,0.5946,45.4884
nuscenes_mini_subset,scene-1094_020,4,Car,0,0.029,20.89,mid,265.5,25,yaw,2.0,0.92,56.6266
nuscenes_mini_subset,scene-1094_020,1,Car,2,0.529,23.83,mid,161.0,37,yaw,3.0,0.8378,87.799
nuscenes_mini_subset,scene-1094_020,3,Car,0,0.0,20.02,mid,129.1,37,yaw,3.0,0.4324,68.2441
nuscenes_mini_subset,scene-1094_020,4,Car,0,0.029,20.89,mid,265.5,25,yaw,3.0,0.8,84.219
nuscenes_mini_subset,scene-1094_020,1,Car,2,0.529,23.83,mid,161.0,37,tx,0.0,0.5676,0.0
nuscenes_mini_subset,scene-1094_020,3,Car,0,0.0,20.02,mid,129.1,37,tx,0.0,1.0,0.0
nuscenes_mini_subset,scene-1094_020,4,Car,0,0.029,20.89,mid,265.5,25,tx,0.0,1.0,0.0
nuscenes_mini_subset,scene-1094_020,1,Car,2,0.529,23.83,mid,161.0,37,tx,0.02,0.5676,1.2627
nuscenes_mini_subset,scene-1094_020,3,Car,0,0.0,20.02,mid,129.1,37,tx,0.02,1.0,1.4071
nuscenes_mini_subset,scene-1094_020,4,Car,0,0.029,20.89,mid,265.5,25,tx,0.02,1.0,1.4891
nuscenes_mini_subset,scene-1094_020,1,Car,2,0.529,23.83,mid,161.0,37,tx,0.05,0.5405,3.1566
nuscenes_mini_subset,scene-1094_020,3,Car,0,0.0,20.02,mid,129.1,37,tx,0.05,1.0,3.5177
nuscenes_mini_subset,scene-1094_020,4,Car,0,0.029,20.89,mid,265.5,25,tx,0.05,1.0,3.7227
nuscenes_mini_subset,scene-1094_020,1,Car,2,0.529,23.83,mid,161.0,37,tx,0.1,0.4865,6.2611
nuscenes_mini_subset,scene-1094_020,3,Car,0,0.0,20.02,mid,129.1,37,tx,0.1,1.0,7.0355
nuscenes_mini_subset,scene-1094_020,4,Car,0,0.029,20.89,mid,265.5,25,tx,0.1,1.0,7.4454
nuscenes_mini_subset,scene-1094_020,1,Car,2,0.529,23.83,mid,161.0,37,ty,0.0,0.5676,0.0
nuscenes_mini_subset,scene-1094_020,3,Car,0,0.0,20.02,mid,129.1,37,ty,0.0,1.0,0.0
nuscenes_mini_subset,scene-1094_020,4,Car,0,0.029,20.89,mid,265.5,25,ty,0.0,1.0,0.0
nuscenes_mini_subset,scene-1094_020,1,Car,2,0.529,23.83,mid,161.0,37,ty,0.02,0.5676,0.7322
nuscenes_mini_subset,scene-1094_020,3,Car,0,0.0,20.02,mid,129.1,37,ty,0.02,1.0,0.0532
nuscenes_mini_subset,scene-1094_020,4,Car,0,0.029,20.89,mid,265.5,25,ty,0.02,1.0,0.7751
nuscenes_mini_subset,scene-1094_020,1,Car,2,0.529,23.83,mid,161.0,37,ty,0.05,0.5676,1.8277
nuscenes_mini_subset,scene-1094_020,3,Car,0,0.0,20.02,mid,129.1,37,ty,0.05,1.0,0.1327
nuscenes_mini_subset,scene-1094_020,4,Car,0,0.029,20.89,mid,265.5,25,ty,0.05,1.0,1.9343
nuscenes_mini_subset,scene-1094_020,1,Car,2,0.529,23.83,mid,161.0,37,ty,0.1,0.5676,3.6463
nuscenes_mini_subset,scene-1094_020,3,Car,0,0.0,20.02,mid,129.1,37,ty,0.1,1.0,0.2648
nuscenes_mini_subset,scene-1094_020,4,Car,0,0.029,20.89,mid,265.5,25,ty,0.1,1.0,3.8573
nuscenes_mini_subset,scene-1094_024,3,Car,0,0.0,23.53,mid,108.1,30,yaw,0.0,1.0,0.0
nuscenes_mini_subset,scene-1094_024,6,Pedestrian,0,0.0,15.87,mid,68.0,15,yaw,0.0,1.0,0.0
nuscenes_mini_subset,scene-1094_024,3,Car,0,0.0,23.53,mid,108.1,30,yaw,0.5,0.9667,11.3129
nuscenes_mini_subset,scene-1094_024,6,Pedestrian,0,0.0,15.87,mid,68.0,15,yaw,0.5,0.9333,12.4613
nuscenes_mini_subset,scene-1094_024,3,Car,0,0.0,23.53,mid,108.1,30,yaw,1.0,0.8667,22.6171
nuscenes_mini_subset,scene-1094_024,6,Pedestrian,0,0.0,15.87,mid,68.0,15,yaw,1.0,0.8,24.9924
nuscenes_mini_subset,scene-1094_024,3,Car,0,0.0,23.53,mid,108.1,30,yaw,2.0,0.6,45.2111
nuscenes_mini_subset,scene-1094_024,6,Pedestrian,0,0.0,15.87,mid,68.0,15,yaw,2.0,0.2667,50.2748
nuscenes_mini_subset,scene-1094_024,3,Car,0,0.0,23.53,mid,108.1,30,yaw,3.0,0.3333,67.7954
nuscenes_mini_subset,scene-1094_024,6,Pedestrian,0,0.0,15.87,mid,68.0,15,yaw,3.0,0.0,75.8687
nuscenes_mini_subset,scene-1094_024,3,Car,0,0.0,23.53,mid,108.1,30,tx,0.0,1.0,0.0
nuscenes_mini_subset,scene-1094_024,6,Pedestrian,0,0.0,15.87,mid,68.0,15,tx,0.0,1.0,0.0
nuscenes_mini_subset,scene-1094_024,3,Car,0,0.0,23.53,mid,108.1,30,tx,0.02,1.0,1.1757
nuscenes_mini_subset,scene-1094_024,6,Pedestrian,0,0.0,15.87,mid,68.0,15,tx,0.02,1.0,1.6735
nuscenes_mini_subset,scene-1094_024,3,Car,0,0.0,23.53,mid,108.1,30,tx,0.05,1.0,2.9393
nuscenes_mini_subset,scene-1094_024,6,Pedestrian,0,0.0,15.87,mid,68.0,15,tx,0.05,0.9333,4.1839
nuscenes_mini_subset,scene-1094_024,3,Car,0,0.0,23.53,mid,108.1,30,tx,0.1,1.0,5.8787
nuscenes_mini_subset,scene-1094_024,6,Pedestrian,0,0.0,15.87,mid,68.0,15,tx,0.1,0.9333,8.3679
nuscenes_mini_subset,scene-1094_024,3,Car,0,0.0,23.53,mid,108.1,30,ty,0.0,1.0,0.0
nuscenes_mini_subset,scene-1094_024,6,Pedestrian,0,0.0,15.87,mid,68.0,15,ty,0.0,1.0,0.0
nuscenes_mini_subset,scene-1094_024,3,Car,0,0.0,23.53,mid,108.1,30,ty,0.02,1.0,0.0617
nuscenes_mini_subset,scene-1094_024,6,Pedestrian,0,0.0,15.87,mid,68.0,15,ty,0.02,1.0,0.5185
nuscenes_mini_subset,scene-1094_024,3,Car,0,0.0,23.53,mid,108.1,30,ty,0.05,1.0,0.154
nuscenes_mini_subset,scene-1094_024,6,Pedestrian,0,0.0,15.87,mid,68.0,15,ty,0.05,1.0,1.2936
nuscenes_mini_subset,scene-1094_024,3,Car,0,0.0,23.53,mid,108.1,30,ty,0.1,1.0,0.3073
nuscenes_mini_subset,scene-1094_024,6,Pedestrian,0,0.0,15.87,mid,68.0,15,ty,0.1,1.0,2.5787
nuscenes_mini_subset,scene-1094_028,6,Pedestrian,0,0.0,7.96,near,146.4,49,yaw,0.0,1.0,0.0
nuscenes_mini_subset,scene-1094_028,6,Pedestrian,0,0.0,7.96,near,146.4,49,yaw,0.5,1.0,13.4768
nuscenes_mini_subset,scene-1094_028,6,Pedestrian,0,0.0,7.96,near,146.4,49,yaw,1.0,0.9388,27.0519
nuscenes_mini_subset,scene-1094_028,6,Pedestrian,0,0.0,7.96,near,146.4,49,yaw,2.0,0.8776,54.5106
nuscenes_mini_subset,scene-1094_028,6,Pedestrian,0,0.0,7.96,near,146.4,49,yaw,3.0,0.6939,82.4037
nuscenes_mini_subset,scene-1094_028,6,Pedestrian,0,0.0,7.96,near,146.4,49,tx,0.0,1.0,0.0
nuscenes_mini_subset,scene-1094_028,6,Pedestrian,0,0.0,7.96,near,146.4,49,tx,0.02,1.0,3.4229
nuscenes_mini_subset,scene-1094_028,6,Pedestrian,0,0.0,7.96,near,146.4,49,tx,0.05,1.0,8.5574
nuscenes_mini_subset,scene-1094_028,6,Pedestrian,0,0.0,7.96,near,146.4,49,tx,0.1,0.9388,17.1152
nuscenes_mini_subset,scene-1094_028,6,Pedestrian,0,0.0,7.96,near,146.4,49,ty,0.0,1.0,0.0
nuscenes_mini_subset,scene-1094_028,6,Pedestrian,0,0.0,7.96,near,146.4,49,ty,0.02,1.0,1.3938
nuscenes_mini_subset,scene-1094_028,6,Pedestrian,0,0.0,7.96,near,146.4,49,ty,0.05,1.0,3.4705
nuscenes_mini_subset,scene-1094_028,6,Pedestrian,0,0.0,7.96,near,146.4,49,ty,0.1,1.0,6.8947
nuscenes_mini_subset,scene-1094_032,0,Bus,0,0.285,26.18,mid,358.5,117,yaw,0.0,0.9231,0.0
nuscenes_mini_subset,scene-1094_032,0,Bus,0,0.285,26.18,mid,358.5,117,yaw,0.5,0.9231,13.5993
nuscenes_mini_subset,scene-1094_032,0,Bus,0,0.285,26.18,mid,358.5,117,yaw,1.0,0.8974,27.0898
nuscenes_mini_subset,scene-1094_032,0,Bus,0,0.285,26.18,mid,358.5,117,yaw,2.0,0.8462,53.7579
nuscenes_mini_subset,scene-1094_032,0,Bus,0,0.285,26.18,mid,358.5,117,yaw,3.0,0.812,80.0302
nuscenes_mini_subset,scene-1094_032,0,Bus,0,0.285,26.18,mid,358.5,117,tx,0.0,0.9231,0.0
nuscenes_mini_subset,scene-1094_032,0,Bus,0,0.285,26.18,mid,358.5,117,tx,0.02,0.9231,1.1281
nuscenes_mini_subset,scene-1094_032,0,Bus,0,0.285,26.18,mid,358.5,117,tx,0.05,0.9231,2.8204
nuscenes_mini_subset,scene-1094_032,0,Bus,0,0.285,26.18,mid,358.5,117,tx,0.1,0.9231,5.6408
nuscenes_mini_subset,scene-1094_032,0,Bus,0,0.285,26.18,mid,358.5,117,ty,0.0,0.9231,0.0
nuscenes_mini_subset,scene-1094_032,0,Bus,0,0.285,26.18,mid,358.5,117,ty,0.02,0.9231,0.5262
nuscenes_mini_subset,scene-1094_032,0,Bus,0,0.285,26.18,mid,358.5,117,ty,0.05,0.9231,1.3136
nuscenes_mini_subset,scene-1094_032,0,Bus,0,0.285,26.18,mid,358.5,117,ty,0.1,0.9231,2.6214
nuscenes_mini_subset,scene-1094_036,0,Car,0,0.0,30.0,far,85.3,17,yaw,0.0,1.0,0.0
nuscenes_mini_subset,scene-1094_036,0,Car,0,0.0,30.0,far,85.3,17,yaw,0.5,1.0,11.1807
nuscenes_mini_subset,scene-1094_036,0,Car,0,0.0,30.0,far,85.3,17,yaw,1.0,0.8235,22.3616
nuscenes_mini_subset,scene-1094_036,0,Car,0,0.0,30.0,far,85.3,17,yaw,2.0,0.4706,44.7266
nuscenes_mini_subset,scene-1094_036,0,Car,0,0.0,30.0,far,85.3,17,yaw,3.0,0.1176,67.1024
nuscenes_mini_subset,scene-1094_036,0,Car,0,0.0,30.0,far,85.3,17,tx,0.0,1.0,0.0
nuscenes_mini_subset,scene-1094_036,0,Car,0,0.0,30.0,far,85.3,17,tx,0.02,1.0,0.9028
nuscenes_mini_subset,scene-1094_036,0,Car,0,0.0,30.0,far,85.3,17,tx,0.05,1.0,2.257
nuscenes_mini_subset,scene-1094_036,0,Car,0,0.0,30.0,far,85.3,17,tx,0.1,1.0,4.5139
nuscenes_mini_subset,scene-1094_036,0,Car,0,0.0,30.0,far,85.3,17,ty,0.0,1.0,0.0
nuscenes_mini_subset,scene-1094_036,0,Car,0,0.0,30.0,far,85.3,17,ty,0.02,1.0,0.0166
nuscenes_mini_subset,scene-1094_036,0,Car,0,0.0,30.0,far,85.3,17,ty,0.05,1.0,0.0416
nuscenes_mini_subset,scene-1094_036,0,Car,0,0.0,30.0,far,85.3,17,ty,0.1,1.0,0.083
